timestamp,open,high,low,close,volume,oi
2025-03-10T15:15:00+05:30,625.9,627.05,624.95,625.0,485359,0
2025-03-10T14:45:00+05:30,624.25,626.45,622.85,625.85,766162,0
2025-03-10T14:15:00+05:30,630.7,630.75,624.1,624.3,419744,0
2025-03-10T13:45:00+05:30,630.1,631.35,628.1,630.8,230738,0
2025-03-10T13:15:00+05:30,628.75,632.0,627.7,630.05,198461,0
2025-03-10T12:45:00+05:30,627.9,629.4,626.95,628.7,189308,0
2025-03-10T12:15:00+05:30,628.95,629.35,627.1,627.9,178691,0
2025-03-10T11:45:00+05:30,632.8,633.25,628.55,629.0,161897,0
2025-03-10T11:15:00+05:30,630.25,633.1,630.0,632.75,172875,0
2025-03-10T10:45:00+05:30,631.5,632.2,629.3,630.0,201626,0
2025-03-10T10:15:00+05:30,631.75,631.95,627.8,631.35,358353,0
2025-03-10T09:45:00+05:30,637.75,638.85,629.25,632.0,550069,0
2025-03-10T09:15:00+05:30,631.55,641.5,629.9,637.75,973232,0
2025-03-07T15:15:00+05:30,630.6,631.8,629.7,631.0,416114,0
2025-03-07T14:45:00+05:30,630.85,632.0,630.05,630.55,567159,0
2025-03-07T14:15:00+05:30,628.55,632.0,627.8,630.8,421287,0
2025-03-07T13:45:00+05:30,629.6,629.95,627.45,628.5,334109,0
2025-03-07T13:15:00+05:30,630.1,631.3,629.4,629.55,269636,0
2025-03-07T12:45:00+05:30,632.4,632.4,630.0,630.05,237255,0
2025-03-07T12:15:00+05:30,630.8,632.9,629.3,632.4,391468,0
2025-03-07T11:45:00+05:30,635.5,635.55,630.6,630.8,311614,0
2025-03-07T11:15:00+05:30,637.55,637.65,635.5,635.5,190130,0
2025-03-07T10:45:00+05:30,637.15,638.4,635.15,637.65,366332,0
2025-03-07T10:15:00+05:30,639.45,639.9,634.65,637.35,479001,0
2025-03-07T09:45:00+05:30,635.6,639.5,633.0,639.45,658978,0
2025-03-07T09:15:00+05:30,644.35,647.65,635.0,635.65,1175412,0
2025-03-06T15:15:00+05:30,644.1,645.55,642.3,644.0,624028,0
2025-03-06T14:45:00+05:30,644.3,645.15,641.7,644.05,1063049,0
2025-03-06T14:15:00+05:30,643.45,644.75,643.0,644.4,379509,0
2025-03-06T13:45:00+05:30,642.5,644.45,642.15,643.45,423637,0
2025-03-06T13:15:00+05:30,642.2,643.85,641.65,642.6,315162,0
2025-03-06T12:45:00+05:30,642.55,644.0,641.55,642.2,329199,0
2025-03-06T12:15:00+05:30,643.25,644.0,642.1,642.55,194540,0
2025-03-06T11:45:00+05:30,643.3,644.65,642.4,643.25,284299,0
2025-03-06T11:15:00+05:30,644.5,644.7,640.4,643.3,363057,0
2025-03-06T10:45:00+05:30,644.55,645.35,643.15,644.5,428201,0
2025-03-06T10:15:00+05:30,642.9,645.55,642.7,644.45,470148,0
2025-03-06T09:45:00+05:30,646.3,646.45,640.0,642.9,930611,0
2025-03-06T09:15:00+05:30,638.8,650.8,637.0,646.3,2226916,0
2025-03-05T15:15:00+05:30,631.6,633.0,630.95,632.0,698999,0
2025-03-05T14:45:00+05:30,632.7,633.4,630.6,631.6,993488,0
2025-03-05T14:15:00+05:30,631.55,633.45,630.4,632.7,556646,0
2025-03-05T13:45:00+05:30,632.1,633.0,630.35,631.55,469234,0
2025-03-05T13:15:00+05:30,633.45,637.15,631.5,632.1,958551,0
2025-03-05T12:45:00+05:30,631.3,634.2,631.15,633.4,500800,0
2025-03-05T12:15:00+05:30,634.7,635.5,630.6,631.35,1293382,0
2025-03-05T11:45:00+05:30,633.6,637.5,633.4,634.7,566803,0
2025-03-05T11:15:00+05:30,628.5,634.0,628.4,633.9,363434,0
2025-03-05T10:45:00+05:30,627.45,629.8,626.5,628.45,288177,0
2025-03-05T10:15:00+05:30,627.5,629.95,626.0,627.4,339938,0
2025-03-05T09:45:00+05:30,627.85,634.15,626.1,627.6,947120,0
2025-03-05T09:15:00+05:30,626.6,635.4,621.5,627.75,1515214,0
2025-03-04T15:15:00+05:30,632.05,634.9,631.5,633.9,460125,0
2025-03-04T14:45:00+05:30,632.8,635.4,631.2,632.0,859671,0
2025-03-04T14:15:00+05:30,630.45,633.95,630.3,632.9,631119,0
2025-03-04T13:45:00+05:30,626.75,631.5,626.2,630.45,367948,0
2025-03-04T13:15:00+05:30,627.0,627.85,625.75,626.85,239005,0
2025-03-04T12:45:00+05:30,626.85,627.3,625.5,627.15,223742,0
2025-03-04T12:15:00+05:30,623.75,627.85,623.25,626.9,262687,0
2025-03-04T11:45:00+05:30,625.05,626.35,623.2,623.75,306313,0
2025-03-04T11:15:00+05:30,622.15,625.5,621.25,625.0,316189,0
2025-03-04T10:45:00+05:30,621.15,623.4,621.15,622.1,331746,0
2025-03-04T10:15:00+05:30,621.0,623.0,618.5,621.15,310346,0
2025-03-04T09:45:00+05:30,618.75,624.25,617.9,620.85,348287,0
2025-03-04T09:15:00+05:30,618.6,621.3,613.4,618.75,702038,0
2025-03-03T15:15:00+05:30,621.25,622.85,620.25,622.25,609514,0
2025-03-03T14:45:00+05:30,622.55,623.8,619.8,621.3,862076,0
2025-03-03T14:15:00+05:30,622.65,625.6,622.0,622.55,880594,0
2025-03-03T13:45:00+05:30,622.65,623.45,620.65,622.65,497996,0
2025-03-03T13:15:00+05:30,622.25,623.7,620.6,622.6,470510,0
2025-03-03T12:45:00+05:30,620.85,623.0,619.8,622.35,361001,0
2025-03-03T12:15:00+05:30,622.1,623.7,620.0,620.85,398728,0
2025-03-03T11:45:00+05:30,619.0,622.25,619.0,622.1,396812,0
2025-03-03T11:15:00+05:30,617.95,620.5,616.85,619.0,493323,0
2025-03-03T10:45:00+05:30,618.05,620.5,615.25,617.95,633879,0
2025-03-03T10:15:00+05:30,621.35,622.3,614.9,618.3,1102858,0
2025-03-03T09:45:00+05:30,624.55,625.0,620.05,621.45,1491323,0
2025-03-03T09:15:00+05:30,625.3,630.0,620.5,624.3,2044571,0
2025-02-28T15:15:00+05:30,617.35,619.5,614.9,619.0,2454400,0
2025-02-28T14:45:00+05:30,616.65,620.0,614.45,617.35,3684679,0
2025-02-28T14:15:00+05:30,612.4,617.0,611.85,616.65,887959,0
2025-02-28T13:45:00+05:30,613.6,615.0,612.35,612.5,749473,0
2025-02-28T13:15:00+05:30,612.6,615.0,612.5,613.6,608762,0
2025-02-28T12:45:00+05:30,611.15,613.55,609.55,612.65,1281733,0
2025-02-28T12:15:00+05:30,611.1,617.1,610.8,611.1,1511771,0
2025-02-28T11:45:00+05:30,609.9,611.95,609.75,611.15,709318,0
2025-02-28T11:15:00+05:30,609.2,610.4,606.1,610.0,805877,0
2025-02-28T10:45:00+05:30,610.35,613.25,607.85,609.2,960020,0
2025-02-28T10:15:00+05:30,609.2,612.3,608.7,610.35,956691,0
2025-02-28T09:45:00+05:30,614.3,616.3,605.4,609.1,2270186,0
2025-02-28T09:15:00+05:30,609.95,619.75,602.25,614.3,6658222,0
2025-02-27T15:15:00+05:30,607.35,608.5,603.05,604.0,1554223,0
2025-02-27T14:45:00+05:30,604.8,608.8,604.0,607.35,2097223,0
2025-02-27T14:15:00+05:30,604.1,605.4,603.15,604.8,1278098,0
2025-02-27T13:45:00+05:30,603.75,604.85,602.45,604.1,807011,0
2025-02-27T13:15:00+05:30,604.75,604.8,602.15,603.8,734518,0
2025-02-27T12:45:00+05:30,601.0,605.0,600.0,604.75,1113644,0
2025-02-27T12:15:00+05:30,600.1,601.9,599.2,601.0,593234,0
2025-02-27T11:45:00+05:30,601.7,601.95,598.55,600.1,685263,0
2025-02-27T11:15:00+05:30,601.8,602.7,600.0,601.8,612583,0
2025-02-27T10:45:00+05:30,603.35,604.2,601.05,601.75,923343,0
2025-02-27T10:15:00+05:30,598.8,603.9,598.05,603.1,1244299,0
2025-02-27T09:45:00+05:30,599.9,602.0,594.2,598.85,1976304,0
2025-02-27T09:15:00+05:30,581.3,600.95,580.3,599.95,3436076,0
2025-02-25T15:15:00+05:30,574.8,575.25,571.5,575.2,620055,0
2025-02-25T14:45:00+05:30,575.45,577.4,574.1,574.85,985731,0
2025-02-25T14:15:00+05:30,575.7,576.05,574.25,575.4,350186,0
2025-02-25T13:45:00+05:30,576.7,576.75,575.0,575.75,268668,0
2025-02-25T13:15:00+05:30,576.95,577.7,575.85,576.75,218651,0
2025-02-25T12:45:00+05:30,578.1,578.35,576.0,577.0,213600,0
2025-02-25T12:15:00+05:30,579.0,579.5,576.5,577.85,174506,0
2025-02-25T11:45:00+05:30,580.9,583.0,577.5,578.8,281438,0
2025-02-25T11:15:00+05:30,579.95,581.4,576.75,581.0,388468,0
2025-02-25T10:45:00+05:30,580.55,580.65,578.75,579.95,214375,0
2025-02-25T10:15:00+05:30,581.3,581.9,576.0,580.55,431791,0
2025-02-25T09:45:00+05:30,575.85,583.5,575.85,581.35,703849,0
2025-02-25T09:15:00+05:30,581.8,586.75,573.2,575.7,1352966,0
2025-02-24T15:15:00+05:30,577.0,578.25,576.0,577.65,340609,0
2025-02-24T14:45:00+05:30,577.0,579.0,576.55,577.0,407971,0
2025-02-24T14:15:00+05:30,577.0,578.75,575.3,576.85,248927,0
2025-02-24T13:45:00+05:30,577.0,579.2,576.1,577.05,644803,0
2025-02-24T13:15:00+05:30,578.95,579.9,576.55,577.0,299341,0
2025-02-24T12:45:00+05:30,577.8,580.95,577.1,578.95,108832,0
2025-02-24T12:15:00+05:30,577.1,579.35,576.55,577.75,102453,0
2025-02-24T11:45:00+05:30,579.75,581.7,576.9,577.1,228412,0
2025-02-24T11:15:00+05:30,577.3,580.0,576.1,579.75,88084,0
2025-02-24T10:45:00+05:30,575.95,579.6,575.1,577.5,261993,0
2025-02-24T10:15:00+05:30,576.55,581.25,575.55,575.95,496113,0
2025-02-24T09:45:00+05:30,570.1,579.5,568.8,576.7,430040,0
2025-02-24T09:15:00+05:30,576.0,581.75,569.05,570.25,858483,0
2025-02-21T15:15:00+05:30,587.0,587.0,581.5,581.5,363756,0
2025-02-21T14:45:00+05:30,583.15,587.0,583.0,586.8,640616,0
2025-02-21T14:15:00+05:30,583.0,584.85,581.05,583.45,342679,0
2025-02-21T13:45:00+05:30,581.55,584.0,581.3,583.0,333520,0
2025-02-21T13:15:00+05:30,583.75,586.85,581.0,581.6,586580,0
2025-02-21T12:45:00+05:30,586.1,587.0,581.65,583.75,409566,0
2025-02-21T12:15:00+05:30,587.45,589.6,584.3,586.2,326386,0
2025-02-21T11:45:00+05:30,590.0,592.0,585.05,587.6,704320,0
2025-02-21T11:15:00+05:30,585.4,591.25,584.25,590.0,582990,0
2025-02-21T10:45:00+05:30,585.4,588.0,582.45,585.3,547978,0
2025-02-21T10:15:00+05:30,578.5,585.55,576.7,585.3,911117,0
2025-02-21T09:45:00+05:30,587.9,588.85,578.25,578.45,1470563,0
2025-02-21T09:15:00+05:30,580.85,594.7,577.75,587.7,2081092,0
2025-02-20T15:15:00+05:30,581.85,582.05,579.4,580.1,504196,0
2025-02-20T14:45:00+05:30,579.8,582.25,578.75,581.8,783671,0
2025-02-20T14:15:00+05:30,579.15,580.25,579.0,579.65,558208,0
2025-02-20T13:45:00+05:30,578.8,580.6,578.55,579.05,615664,0
2025-02-20T13:15:00+05:30,575.45,579.0,575.15,578.8,590461,0
2025-02-20T12:45:00+05:30,574.9,577.2,574.7,575.6,635918,0
2025-02-20T12:15:00+05:30,572.45,576.05,572.05,575.15,566630,0
2025-02-20T11:45:00+05:30,569.7,573.0,568.95,572.65,400151,0
2025-02-20T11:15:00+05:30,570.45,570.8,568.65,569.7,200026,0
2025-02-20T10:45:00+05:30,569.8,570.9,567.05,570.45,236969,0
2025-02-20T10:15:00+05:30,567.4,571.1,567.05,569.8,540433,0
2025-02-20T09:45:00+05:30,568.65,569.0,565.1,567.35,513652,0
2025-02-20T09:15:00+05:30,557.0,570.2,557.0,568.9,1430022,0
2025-02-19T15:15:00+05:30,558.5,558.6,555.95,556.5,292477,0
2025-02-19T14:45:00+05:30,557.55,559.6,557.35,558.45,543888,0
2025-02-19T14:15:00+05:30,557.05,558.0,553.25,557.6,626614,0
2025-02-19T13:45:00+05:30,555.35,557.05,554.3,557.05,172202,0
2025-02-19T13:15:00+05:30,553.75,556.7,553.45,555.35,163425,0
2025-02-19T12:45:00+05:30,553.3,554.65,552.75,553.75,76911,0
2025-02-19T12:15:00+05:30,554.65,556.25,552.75,553.3,104453,0
2025-02-19T11:45:00+05:30,554.1,556.2,554.1,554.8,78036,0
2025-02-19T11:15:00+05:30,556.1,556.9,553.25,554.3,82723,0
2025-02-19T10:45:00+05:30,557.95,558.1,551.35,555.95,384360,0
2025-02-19T10:15:00+05:30,555.3,559.75,555.25,557.9,613329,0
2025-02-19T09:45:00+05:30,554.9,557.85,552.25,555.45,306097,0
2025-02-19T09:15:00+05:30,547.8,558.0,546.5,554.75,614732,0
2025-02-18T15:15:00+05:30,553.7,553.75,551.4,551.5,259243,0
2025-02-18T14:45:00+05:30,552.9,554.45,552.05,553.7,576457,0
2025-02-18T14:15:00+05:30,548.0,553.5,547.25,552.9,257338,0
2025-02-18T13:45:00+05:30,547.75,549.5,546.4,548.25,161586,0
2025-02-18T13:15:00+05:30,546.95,548.5,545.8,547.8,113300,0
2025-02-18T12:45:00+05:30,547.2,548.4,545.0,546.6,164255,0
2025-02-18T12:15:00+05:30,546.2,549.95,546.0,547.2,190895,0
2025-02-18T11:45:00+05:30,543.25,547.0,542.5,546.25,107130,0
2025-02-18T11:15:00+05:30,542.7,544.0,541.5,543.2,81821,0
2025-02-18T10:45:00+05:30,544.95,547.6,542.0,542.9,149052,0
2025-02-18T10:15:00+05:30,545.0,546.65,543.8,544.95,125268,0
2025-02-18T09:45:00+05:30,543.55,548.0,542.8,545.05,260806,0
2025-02-18T09:15:00+05:30,550.95,553.7,539.1,544.0,534986,0
2025-02-17T15:15:00+05:30,551.0,553.0,549.3,550.45,218267,0
2025-02-17T14:45:00+05:30,550.1,551.4,548.35,550.9,421103,0
2025-02-17T14:15:00+05:30,549.0,550.5,548.5,550.15,327448,0
2025-02-17T13:45:00+05:30,551.3,551.45,547.65,549.0,325893,0
2025-02-17T13:15:00+05:30,544.75,551.6,544.35,551.3,323694,0
2025-02-17T12:45:00+05:30,544.4,548.05,544.2,544.6,265201,0
2025-02-17T12:15:00+05:30,544.05,544.75,541.0,544.5,256234,0
2025-02-17T11:45:00+05:30,544.55,545.6,540.45,544.0,333594,0
2025-02-17T11:15:00+05:30,542.1,545.0,541.35,544.55,291535,0
2025-02-17T10:45:00+05:30,540.2,545.8,538.35,542.0,574056,0
2025-02-17T10:15:00+05:30,532.7,540.35,532.1,540.0,220908,0
2025-02-17T09:45:00+05:30,537.15,537.2,531.6,532.75,240956,0
2025-02-17T09:15:00+05:30,537.0,539.5,525.1,537.15,594441,0
2025-02-14T15:15:00+05:30,539.2,539.65,535.0,536.55,290252,0
2025-02-14T14:45:00+05:30,542.0,542.5,537.9,539.2,604588,0
2025-02-14T14:15:00+05:30,531.15,542.3,530.5,542.0,902743,0
2025-02-14T13:45:00+05:30,532.0,532.3,529.5,531.2,385090,0
2025-02-14T13:15:00+05:30,530.05,532.95,529.15,532.0,387006,0
2025-02-14T12:45:00+05:30,529.25,531.3,526.8,530.3,463880,0
2025-02-14T12:15:00+05:30,533.0,533.95,529.15,529.2,637364,0
2025-02-14T11:45:00+05:30,537.45,541.25,532.7,533.0,441761,0
2025-02-14T11:15:00+05:30,537.3,538.05,532.35,537.45,415832,0
2025-02-14T10:45:00+05:30,541.75,542.9,536.1,537.3,406335,0
2025-02-14T10:15:00+05:30,548.65,549.95,541.65,542.05,420244,0
2025-02-14T09:45:00+05:30,548.0,552.0,546.35,548.65,534824,0
2025-02-14T09:15:00+05:30,550.95,554.95,546.05,548.05,866767,0
2025-02-13T15:15:00+05:30,548.25,548.8,545.1,548.0,216605,0
2025-02-13T14:45:00+05:30,550.8,551.75,548.0,548.3,604704,0
2025-02-13T14:15:00+05:30,553.3,553.35,548.95,550.8,352538,0
2025-02-13T13:45:00+05:30,553.7,554.9,551.35,553.35,283489,0
2025-02-13T13:15:00+05:30,549.5,554.3,549.0,553.7,353455,0
2025-02-13T12:45:00+05:30,554.05,555.1,549.5,549.55,299299,0
2025-02-13T12:15:00+05:30,554.15,556.65,553.75,554.05,232234,0
2025-02-13T11:45:00+05:30,557.65,560.25,553.65,554.35,341815,0
2025-02-13T11:15:00+05:30,557.15,559.5,555.75,557.6,349500,0
2025-02-13T10:45:00+05:30,554.1,558.0,553.3,557.05,472700,0
2025-02-13T10:15:00+05:30,554.9,555.45,551.2,554.1,454484,0
2025-02-13T09:45:00+05:30,549.9,555.7,549.0,554.9,778500,0
2025-02-13T09:15:00+05:30,547.0,550.2,538.0,549.85,962861,0
2025-02-12T15:15:00+05:30,548.4,549.45,546.2,548.6,267645,0
2025-02-12T14:45:00+05:30,545.3,548.45,541.35,548.4,330400,0
2025-02-12T14:15:00+05:30,543.55,545.75,541.5,545.3,175039,0
2025-02-12T13:45:00+05:30,545.8,545.95,541.05,543.6,189222,0
2025-02-12T13:15:00+05:30,548.95,548.95,544.15,545.6,413146,0
2025-02-12T12:45:00+05:30,545.4,550.3,543.45,548.7,522207,0
2025-02-12T12:15:00+05:30,548.9,549.35,544.7,545.4,251923,0
2025-02-12T11:45:00+05:30,549.35,551.5,543.75,548.95,420074,0
2025-02-12T11:15:00+05:30,540.8,549.4,540.15,549.4,430712,0
2025-02-12T10:45:00+05:30,528.55,542.0,528.55,540.75,516718,0
2025-02-12T10:15:00+05:30,527.7,533.0,527.0,528.65,484679,0
2025-02-12T09:45:00+05:30,534.0,534.0,527.0,527.5,422187,0
2025-02-12T09:15:00+05:30,538.55,543.2,530.1,534.0,1033202,0
2025-02-11T15:15:00+05:30,538.8,539.2,535.0,535.5,305004,0
2025-02-11T14:45:00+05:30,537.3,540.85,536.5,538.85,631776,0
2025-02-11T14:15:00+05:30,537.9,538.3,535.0,537.3,281306,0
2025-02-11T13:45:00+05:30,538.1,538.8,535.05,537.9,283396,0
2025-02-11T13:15:00+05:30,535.75,538.4,534.0,538.05,612964,0
2025-02-11T12:45:00+05:30,537.9,539.85,535.05,535.5,1002817,0
2025-02-11T12:15:00+05:30,543.35,544.05,537.0,537.85,781716,0
2025-02-11T11:45:00+05:30,544.0,545.05,542.25,543.45,141881,0
2025-02-11T11:15:00+05:30,543.1,545.5,542.0,544.0,216975,0
2025-02-11T10:45:00+05:30,548.65,549.1,543.1,543.1,275382,0
2025-02-11T10:15:00+05:30,551.25,552.0,548.0,548.7,310047,0
2025-02-11T09:45:00+05:30,555.65,556.35,551.0,551.25,421912,0
2025-02-11T09:15:00+05:30,566.0,566.0,551.25,555.65,1114257,0
2025-02-10T15:15:00+05:30,560.6,561.25,559.55,561.25,323641,0
2025-02-10T14:45:00+05:30,559.0,562.5,558.55,560.45,530627,0
2025-02-10T14:15:00+05:30,552.8,559.95,552.1,558.9,641844,0
2025-02-10T13:45:00+05:30,553.7,555.45,552.45,552.75,153362,0
2025-02-10T13:15:00+05:30,553.6,553.9,552.45,553.7,103750,0
2025-02-10T12:45:00+05:30,553.8,554.35,552.25,553.8,120686,0
2025-02-10T12:15:00+05:30,550.6,553.9,549.5,553.7,177710,0
2025-02-10T11:45:00+05:30,549.35,553.3,549.1,550.6,312173,0
2025-02-10T11:15:00+05:30,550.1,550.55,546.8,549.3,247316,0
2025-02-10T10:45:00+05:30,548.35,550.2,546.5,550.2,172384,0
2025-02-10T10:15:00+05:30,550.05,550.65,548.0,548.45,216486,0
2025-02-10T09:45:00+05:30,549.35,555.0,548.8,550.15,236113,0
2025-02-10T09:15:00+05:30,561.7,566.6,549.45,549.45,996440,0
2025-02-07T15:15:00+05:30,559.7,562.7,559.6,560.6,500468,0
2025-02-07T14:45:00+05:30,555.2,559.8,555.05,559.7,542968,0
2025-02-07T14:15:00+05:30,555.75,557.9,555.05,555.2,167691,0
2025-02-07T13:45:00+05:30,561.05,561.25,554.85,555.85,260581,0
2025-02-07T13:15:00+05:30,560.3,562.75,560.0,561.05,166675,0
2025-02-07T12:45:00+05:30,562.0,562.6,558.85,560.45,228708,0
2025-02-07T12:15:00+05:30,561.35,563.8,560.05,562.0,269543,0
2025-02-07T11:45:00+05:30,570.9,571.7,560.65,561.15,514997,0
2025-02-07T11:15:00+05:30,572.05,573.65,567.3,570.8,304038,0
2025-02-07T10:45:00+05:30,569.75,574.2,568.15,571.75,413322,0
2025-02-07T10:15:00+05:30,577.4,577.8,562.2,569.6,1046619,0
2025-02-07T09:45:00+05:30,573.9,579.1,570.5,577.4,743529,0
2025-02-07T09:15:00+05:30,567.9,575.0,567.0,573.85,574023,0
2025-02-06T15:15:00+05:30,565.65,568.75,565.0,567.9,375417,0
2025-02-06T14:45:00+05:30,565.6,568.75,564.95,565.6,590850,0
2025-02-06T14:15:00+05:30,566.55,567.4,564.95,565.6,244994,0
2025-02-06T13:45:00+05:30,560.45,567.2,559.45,566.65,637772,0
2025-02-06T13:15:00+05:30,560.2,562.6,559.6,560.25,288310,0
2025-02-06T12:45:00+05:30,558.9,560.9,558.25,560.25,215589,0
2025-02-06T12:15:00+05:30,561.25,562.15,558.5,558.9,230118,0
2025-02-06T11:45:00+05:30,564.3,565.55,561.15,561.4,272657,0
2025-02-06T11:15:00+05:30,565.6,566.2,563.6,564.25,254327,0
2025-02-06T10:45:00+05:30,566.2,566.8,563.85,565.65,354765,0
2025-02-06T10:15:00+05:30,565.65,570.0,565.6,566.05,427953,0
2025-02-06T09:45:00+05:30,562.65,567.85,560.35,565.7,668958,0
2025-02-06T09:15:00+05:30,570.0,570.0,554.35,562.65,1770946,0
2025-02-05T15:15:00+05:30,571.85,572.05,568.4,570.0,522545,0
2025-02-05T14:45:00+05:30,572.35,573.75,570.05,571.85,641431,0
2025-02-05T14:15:00+05:30,572.6,573.3,571.55,572.45,205189,0
2025-02-05T13:45:00+05:30,573.35,575.15,571.6,572.6,248721,0
2025-02-05T13:15:00+05:30,575.55,575.85,571.9,573.35,270076,0
2025-02-05T12:45:00+05:30,578.3,578.5,573.55,575.55,332501,0
2025-02-05T12:15:00+05:30,578.4,580.95,576.2,578.5,316028,0
2025-02-05T11:45:00+05:30,575.3,582.25,574.55,578.4,509581,0
2025-02-05T11:15:00+05:30,581.9,582.9,574.15,575.4,712413,0
2025-02-05T10:45:00+05:30,588.8,589.5,581.65,581.95,487541,0
2025-02-05T10:15:00+05:30,589.1,590.8,586.7,588.8,533425,0
2025-02-05T09:45:00+05:30,585.05,589.7,584.2,588.95,609974,0
2025-02-05T09:15:00+05:30,577.0,588.4,577.0,585.05,1538837,0
2025-02-04T15:15:00+05:30,577.85,578.2,575.75,577.0,817951,0
2025-02-04T14:45:00+05:30,579.7,579.9,575.1,577.8,1491359,0
2025-02-04T14:15:00+05:30,574.9,579.85,572.3,579.75,1011778,0
2025-02-04T13:45:00+05:30,573.35,576.9,572.9,574.95,1145382,0
2025-02-04T13:15:00+05:30,569.95,573.7,568.85,573.35,997012,0
2025-02-04T12:45:00+05:30,564.55,571.0,564.45,570.0,827055,0
2025-02-04T12:15:00+05:30,562.55,565.4,561.25,564.6,832424,0
2025-02-04T11:45:00+05:30,561.35,564.5,558.55,562.5,922833,0
2025-02-04T11:15:00+05:30,555.1,562.4,553.8,561.3,1150987,0
2025-02-04T10:45:00+05:30,550.7,556.3,549.75,555.0,831067,0
2025-02-04T10:15:00+05:30,551.95,554.0,545.4,550.7,665687,0
2025-02-04T09:45:00+05:30,551.15,555.5,550.2,551.95,452872,0
2025-02-04T09:15:00+05:30,556.0,557.8,548.1,551.1,1099958,0
2025-02-03T15:15:00+05:30,545.65,558.0,544.65,548.05,777275,0
2025-02-03T14:45:00+05:30,544.45,547.1,541.85,545.65,2339784,0
2025-02-03T14:15:00+05:30,535.55,544.6,533.45,544.4,1237344,0
2025-02-03T13:45:00+05:30,535.7,537.1,532.75,535.55,330986,0
2025-02-03T13:15:00+05:30,532.0,536.5,531.2,535.75,298232,0
2025-02-03T12:45:00+05:30,527.4,532.3,525.75,532.0,193587,0
2025-02-03T12:15:00+05:30,527.35,528.6,526.75,527.4,122566,0
2025-02-03T11:45:00+05:30,525.35,529.2,525.0,527.55,135294,0
2025-02-03T11:15:00+05:30,526.8,529.45,524.0,525.6,197513,0
2025-02-03T10:45:00+05:30,526.0,527.4,522.8,526.75,160058,0
2025-02-03T10:15:00+05:30,524.45,527.9,522.45,526.0,136216,0
2025-02-03T09:45:00+05:30,524.6,527.3,522.75,524.45,197903,0
2025-02-03T09:15:00+05:30,525.0,526.95,516.0,524.4,1302454,0
2025-02-01T15:15:00+05:30,533.4,533.7,527.1,530.7,181582,0
2025-02-01T14:45:00+05:30,527.6,534.45,525.8,533.35,275124,0
2025-02-01T14:15:00+05:30,533.4,536.0,525.6,527.6,604175,0
2025-02-01T13:45:00+05:30,534.0,534.9,529.0,533.4,204735,0
2025-02-01T13:15:00+05:30,520.5,534.15,518.05,533.65,363492,0
2025-02-01T12:45:00+05:30,525.3,526.5,518.0,520.35,417075,0
2025-02-01T12:15:00+05:30,538.3,540.05,520.2,525.25,662295,0
2025-02-01T11:45:00+05:30,544.45,544.9,534.35,538.25,371101,0
2025-02-01T11:15:00+05:30,541.45,544.95,541.4,544.45,121341,0
2025-02-01T10:45:00+05:30,543.7,544.0,540.25,541.35,65065,0
2025-02-01T10:15:00+05:30,542.45,544.0,540.7,543.65,137344,0
2025-02-01T09:45:00+05:30,540.5,543.6,539.8,542.25,154793,0
2025-02-01T09:15:00+05:30,547.9,549.65,539.4,540.35,312354,0
2025-01-31T15:15:00+05:30,543.65,548.5,543.0,545.55,568818,0
2025-01-31T14:45:00+05:30,546.4,547.5,542.1,543.7,595119,0
2025-01-31T14:15:00+05:30,544.0,546.85,542.45,546.4,206996,0
2025-01-31T13:45:00+05:30,549.5,550.3,542.3,544.0,284897,0
2025-01-31T13:15:00+05:30,548.7,550.9,548.55,549.5,192637,0
2025-01-31T12:45:00+05:30,548.8,550.2,547.45,548.65,175648,0
2025-01-31T12:15:00+05:30,548.55,549.3,547.25,548.8,143899,0
2025-01-31T11:45:00+05:30,545.85,548.7,545.75,548.5,120783,0
2025-01-31T11:15:00+05:30,548.6,549.3,545.15,545.75,145504,0
2025-01-31T10:45:00+05:30,546.0,548.9,545.55,548.55,223183,0
2025-01-31T10:15:00+05:30,537.45,546.0,537.25,545.95,341492,0
2025-01-31T09:45:00+05:30,544.55,544.6,536.2,537.4,348154,0
2025-01-31T09:15:00+05:30,546.4,547.95,539.15,544.55,699187,0
2025-01-30T15:15:00+05:30,537.65,542.5,537.1,540.85,602683,0
2025-01-30T14:45:00+05:30,540.65,540.95,536.85,537.7,1113148,0
2025-01-30T14:15:00+05:30,538.45,543.2,538.05,540.45,454413,0
2025-01-30T13:45:00+05:30,539.95,540.55,537.35,538.3,409976,0
2025-01-30T13:15:00+05:30,540.55,541.9,538.0,539.95,333159,0
2025-01-30T12:45:00+05:30,543.15,543.55,537.5,540.55,547874,0
2025-01-30T12:15:00+05:30,546.05,547.6,543.1,543.1,256702,0
2025-01-30T11:45:00+05:30,551.1,551.4,545.5,545.85,405569,0
2025-01-30T11:15:00+05:30,553.05,554.4,549.6,551.1,284279,0
2025-01-30T10:45:00+05:30,557.25,559.6,550.15,553.05,468539,0
2025-01-30T10:15:00+05:30,558.2,560.0,555.75,557.25,526160,0
2025-01-30T09:45:00+05:30,553.6,558.85,553.35,558.3,791862,0
2025-01-30T09:15:00+05:30,553.5,557.1,548.1,553.6,962673,0
2025-01-29T15:15:00+05:30,554.45,554.75,550.0,551.2,507805,0
2025-01-29T14:45:00+05:30,550.55,555.65,550.0,554.45,1486969,0
2025-01-29T14:15:00+05:30,549.6,550.7,547.5,550.55,743390,0
2025-01-29T13:45:00+05:30,547.95,550.0,547.25,549.55,623850,0
2025-01-29T13:15:00+05:30,543.75,548.4,543.0,547.8,679268,0
2025-01-29T12:45:00+05:30,549.2,549.4,543.4,543.7,825469,0
2025-01-29T12:15:00+05:30,547.4,549.4,546.7,549.25,743574,0
2025-01-29T11:45:00+05:30,545.1,548.0,543.35,547.4,490907,0
2025-01-29T11:15:00+05:30,541.8,545.7,539.6,545.0,542927,0
2025-01-29T10:45:00+05:30,538.45,545.4,538.4,541.7,836488,0
2025-01-29T10:15:00+05:30,538.5,539.35,535.45,538.5,295673,0
2025-01-29T09:45:00+05:30,539.75,540.95,536.7,538.4,413273,0
2025-01-29T09:15:00+05:30,531.15,540.65,530.25,539.85,938703,0
2025-01-28T15:15:00+05:30,531.35,532.0,526.0,529.85,677060,0
2025-01-28T14:45:00+05:30,539.55,539.95,528.5,531.3,1665465,0
2025-01-28T14:15:00+05:30,538.5,540.4,535.55,539.55,1413657,0
2025-01-28T13:45:00+05:30,537.35,541.8,536.3,538.5,1388885,0
2025-01-28T13:15:00+05:30,539.5,539.7,535.2,537.5,1094242,0
2025-01-28T12:45:00+05:30,531.1,539.8,529.7,539.35,1614766,0
2025-01-28T12:15:00+05:30,525.35,534.35,525.25,531.05,2092858,0
2025-01-28T11:45:00+05:30,518.8,525.9,518.2,525.35,885778,0
2025-01-28T11:15:00+05:30,512.2,519.5,510.05,519.0,774253,0
2025-01-28T10:45:00+05:30,511.7,517.7,509.1,512.25,816521,0
2025-01-28T10:15:00+05:30,511.9,513.55,510.1,511.8,505073,0
2025-01-28T09:45:00+05:30,518.85,519.95,508.6,511.6,1265756,0
2025-01-28T09:15:00+05:30,520.05,529.0,518.05,519.1,2004325,0
2025-01-27T15:15:00+05:30,511.6,512.75,508.15,510.45,332408,0
2025-01-27T14:45:00+05:30,510.7,512.7,509.05,511.65,516696,0
2025-01-27T14:15:00+05:30,512.85,515.7,510.1,510.75,483176,0
2025-01-27T13:45:00+05:30,516.6,516.75,512.5,512.85,608904,0
2025-01-27T13:15:00+05:30,518.75,519.45,514.25,516.65,458154,0
2025-01-27T12:45:00+05:30,522.95,523.0,517.05,518.8,435861,0
2025-01-27T12:15:00+05:30,523.65,525.6,522.55,522.95,423599,0
2025-01-27T11:45:00+05:30,521.45,525.75,520.25,523.65,533753,0
2025-01-27T11:15:00+05:30,523.2,526.5,520.05,521.5,569078,0
2025-01-27T10:45:00+05:30,516.35,524.5,515.75,523.2,595271,0
2025-01-27T10:15:00+05:30,521.85,523.2,514.65,516.35,546364,0
2025-01-27T09:45:00+05:30,518.15,527.0,517.95,521.8,959854,0
2025-01-27T09:15:00+05:30,525.9,530.65,513.05,518.15,2029559,0
2025-01-24T15:15:00+05:30,517.4,531.9,516.7,524.65,1335227,0
2025-01-24T14:45:00+05:30,526.7,540.95,509.15,517.45,2395639,0
2025-01-24T14:15:00+05:30,530.35,531.7,525.95,526.7,365612,0
2025-01-24T13:45:00+05:30,532.15,533.1,530.1,530.35,130733,0
2025-01-24T13:15:00+05:30,534.15,534.2,530.45,532.2,180493,0
2025-01-24T12:45:00+05:30,533.6,535.3,531.6,534.2,173379,0
2025-01-24T12:15:00+05:30,534.7,538.35,533.4,533.65,263114,0
2025-01-24T11:45:00+05:30,536.75,539.25,534.15,534.5,266078,0
2025-01-24T11:15:00+05:30,534.75,537.1,533.5,536.8,134406,0
2025-01-24T10:45:00+05:30,535.45,536.5,532.5,534.75,192187,0
2025-01-24T10:15:00+05:30,531.75,535.95,530.5,535.5,303702,0
2025-01-24T09:45:00+05:30,535.95,537.0,530.35,531.7,738839,0
2025-01-24T09:15:00+05:30,531.95,541.8,530.35,535.6,1109889,0
2025-01-23T15:15:00+05:30,529.2,531.9,528.6,531.0,217599,0
2025-01-23T14:45:00+05:30,532.85,533.45,527.8,529.15,824455,0
2025-01-23T14:15:00+05:30,532.2,532.95,529.8,532.95,253350,0
2025-01-23T13:45:00+05:30,530.25,532.7,529.45,532.2,287992,0
2025-01-23T13:15:00+05:30,532.5,532.6,530.05,530.35,222337,0
2025-01-23T12:45:00+05:30,529.75,532.9,527.35,532.45,560661,0
2025-01-23T12:15:00+05:30,525.0,530.2,524.6,529.95,646548,0
2025-01-23T11:45:00+05:30,522.5,525.3,522.15,525.0,417549,0
2025-01-23T11:15:00+05:30,524.25,524.25,520.1,522.5,190481,0
2025-01-23T10:45:00+05:30,523.35,525.0,522.4,524.25,145457,0
2025-01-23T10:15:00+05:30,522.3,525.55,521.75,523.35,274672,0
2025-01-23T09:45:00+05:30,517.3,523.95,516.85,522.1,390438,0
2025-01-23T09:15:00+05:30,518.65,521.5,511.6,517.3,710773,0
2025-01-22T15:15:00+05:30,519.45,522.3,517.65,522.3,547865,0
2025-01-22T14:45:00+05:30,518.15,519.85,516.9,519.45,721714,0
2025-01-22T14:15:00+05:30,517.05,519.6,516.5,518.05,229938,0
2025-01-22T13:45:00+05:30,514.65,517.9,514.5,517.0,152569,0
2025-01-22T13:15:00+05:30,516.35,516.5,513.05,514.65,193112,0
2025-01-22T12:45:00+05:30,517.35,517.75,513.65,516.4,270455,0
2025-01-22T12:15:00+05:30,519.5,519.8,514.0,517.25,465507,0
2025-01-22T11:45:00+05:30,520.15,523.05,518.0,519.65,410296,0
2025-01-22T11:15:00+05:30,517.85,520.2,517.15,520.2,502321,0
2025-01-22T10:45:00+05:30,519.3,519.95,517.2,517.85,191785,0
2025-01-22T10:15:00+05:30,517.55,519.5,515.65,519.3,274153,0
2025-01-22T09:45:00+05:30,521.9,522.6,516.1,517.5,693903,0
2025-01-22T09:15:00+05:30,520.35,528.35,520.3,521.8,1229756,0
2025-01-21T15:15:00+05:30,520.4,522.0,518.6,520.05,404170,0
2025-01-21T14:45:00+05:30,520.25,522.25,519.05,520.4,1139653,0
2025-01-21T14:15:00+05:30,523.1,523.55,520.2,520.35,409323,0
2025-01-21T13:45:00+05:30,522.7,525.0,521.7,523.2,468388,0
2025-01-21T13:15:00+05:30,521.9,522.95,518.65,522.7,254284,0
2025-01-21T12:45:00+05:30,516.85,522.25,516.4,521.9,330734,0
2025-01-21T12:15:00+05:30,517.15,517.95,515.2,516.85,307668,0
2025-01-21T11:45:00+05:30,515.25,519.95,515.2,517.2,571910,0
2025-01-21T11:15:00+05:30,517.05,517.85,513.45,515.25,401408,0
2025-01-21T10:45:00+05:30,513.85,517.85,513.6,517.0,527514,0
2025-01-21T10:15:00+05:30,517.55,518.8,513.9,514.0,516901,0
2025-01-21T09:45:00+05:30,522.4,524.85,516.3,517.5,814304,0
2025-01-21T09:15:00+05:30,518.0,530.75,516.2,522.4,1589522,0
2025-01-20T15:15:00+05:30,515.65,518.0,514.5,516.1,561140,0
2025-01-20T14:45:00+05:30,517.4,518.8,515.6,515.75,763652,0
2025-01-20T14:15:00+05:30,519.55,519.85,514.5,517.4,578299,0
2025-01-20T13:45:00+05:30,519.3,519.75,517.25,519.55,351024,0
2025-01-20T13:15:00+05:30,518.25,520.55,518.1,519.25,410238,0
2025-01-20T12:45:00+05:30,518.25,520.95,517.75,518.3,755726,0
2025-01-20T12:15:00+05:30,513.05,520.0,512.3,518.25,846527,0
2025-01-20T11:45:00+05:30,515.65,516.45,512.05,513.1,834739,0
2025-01-20T11:15:00+05:30,517.55,521.5,515.15,515.65,890354,0
2025-01-20T10:45:00+05:30,515.9,519.55,514.1,517.5,657072,0
2025-01-20T10:15:00+05:30,510.75,517.0,508.5,515.9,866474,0
2025-01-20T09:45:00+05:30,503.5,511.55,502.25,510.75,1023918,0
2025-01-20T09:15:00+05:30,511.0,515.85,493.35,503.55,4089634,0
2025-01-17T15:15:00+05:30,525.9,527.0,525.05,526.5,485962,0
2025-01-17T14:45:00+05:30,526.0,530.2,525.3,525.9,905859,0
2025-01-17T14:15:00+05:30,525.6,527.2,523.85,526.05,800647,0
2025-01-17T13:45:00+05:30,527.1,527.9,525.0,525.65,563739,0
2025-01-17T13:15:00+05:30,530.25,530.6,526.55,527.15,558666,0
2025-01-17T12:45:00+05:30,533.8,534.0,530.0,530.25,312364,0
2025-01-17T12:15:00+05:30,534.1,535.75,531.5,533.8,498309,0
2025-01-17T11:45:00+05:30,534.85,537.45,533.05,534.2,299172,0
2025-01-17T11:15:00+05:30,535.75,536.9,534.65,534.85,150106,0
2025-01-17T10:45:00+05:30,540.4,541.35,534.4,535.75,175140,0
2025-01-17T10:15:00+05:30,544.7,546.7,539.7,540.4,201167,0
2025-01-17T09:45:00+05:30,544.15,546.5,542.25,544.7,89217,0
2025-01-17T09:15:00+05:30,546.55,547.55,537.5,544.45,303284,0
2025-01-16T15:15:00+05:30,547.25,548.0,544.45,546.95,771008,0
2025-01-16T14:45:00+05:30,547.95,548.6,546.15,547.15,1009713,0
2025-01-16T14:15:00+05:30,549.9,550.0,547.5,548.0,385439,0
2025-01-16T13:45:00+05:30,548.9,550.2,548.25,549.9,323100,0
2025-01-16T13:15:00+05:30,549.45,549.6,547.35,548.9,250305,0
2025-01-16T12:45:00+05:30,549.7,550.7,548.7,549.45,221087,0
2025-01-16T12:15:00+05:30,549.7,550.35,548.45,549.65,232173,0
2025-01-16T11:45:00+05:30,549.85,550.05,547.45,549.6,242824,0
2025-01-16T11:15:00+05:30,549.0,550.55,547.6,549.85,230255,0
2025-01-16T10:45:00+05:30,548.8,550.35,547.05,549.0,249969,0
2025-01-16T10:15:00+05:30,550.15,552.0,546.65,548.8,468796,0
2025-01-16T09:45:00+05:30,550.4,553.75,549.0,550.2,666471,0
2025-01-16T09:15:00+05:30,535.55,551.0,535.55,550.15,1130474,0
2025-01-15T15:15:00+05:30,533.15,534.6,532.3,534.45,297867,0
2025-01-15T14:45:00+05:30,533.0,534.5,530.8,533.1,452470,0
2025-01-15T14:15:00+05:30,531.0,533.0,529.35,532.95,247016,0
2025-01-15T13:45:00+05:30,530.75,531.9,530.1,531.0,144476,0
2025-01-15T13:15:00+05:30,531.8,532.45,530.0,530.75,306067,0
2025-01-15T12:45:00+05:30,533.2,533.25,531.3,531.85,158104,0
2025-01-15T12:15:00+05:30,532.05,533.55,531.85,533.25,189548,0
2025-01-15T11:45:00+05:30,532.2,533.9,532.05,532.05,216159,0
2025-01-15T11:15:00+05:30,535.5,536.55,531.15,532.2,299353,0
2025-01-15T10:45:00+05:30,535.25,538.5,534.75,535.45,287730,0
2025-01-15T10:15:00+05:30,532.15,535.85,532.05,535.05,246082,0
2025-01-15T09:45:00+05:30,532.35,534.85,530.75,532.1,383546,0
2025-01-15T09:15:00+05:30,545.0,545.95,529.1,532.2,836116,0
2025-01-14T15:15:00+05:30,544.05,547.5,542.65,546.75,380845,0
2025-01-14T14:45:00+05:30,542.5,544.7,541.2,544.05,554022,0
2025-01-14T14:15:00+05:30,539.25,543.95,539.15,542.55,512233,0
2025-01-14T13:45:00+05:30,538.85,539.9,537.15,539.25,285005,0
2025-01-14T13:15:00+05:30,537.2,541.15,537.05,538.85,549873,0
2025-01-14T12:45:00+05:30,534.1,540.2,533.75,537.2,423109,0
2025-01-14T12:15:00+05:30,532.9,534.55,531.1,534.1,294723,0
2025-01-14T11:45:00+05:30,533.75,536.1,531.15,532.9,766730,0
2025-01-14T11:15:00+05:30,537.0,537.5,532.55,533.9,384323,0
2025-01-14T10:45:00+05:30,529.4,537.65,529.2,537.25,426606,0
2025-01-14T10:15:00+05:30,527.75,530.65,524.2,529.4,500063,0
2025-01-14T09:45:00+05:30,522.1,529.25,521.0,527.75,962459,0
2025-01-14T09:15:00+05:30,526.95,527.05,518.3,522.15,941229,0
2025-01-13T15:15:00+05:30,520.65,522.2,519.0,519.9,458905,0
2025-01-13T14:45:00+05:30,521.05,523.25,520.2,520.65,630626,0
2025-01-13T14:15:00+05:30,521.5,524.65,518.75,521.35,489356,0
2025-01-13T13:45:00+05:30,524.6,525.6,521.35,521.55,482375,0
2025-01-13T13:15:00+05:30,529.85,530.8,524.45,524.7,506302,0
2025-01-13T12:45:00+05:30,533.8,533.8,528.8,530.0,270643,0
2025-01-13T12:15:00+05:30,533.45,534.9,532.45,533.8,241917,0
2025-01-13T11:45:00+05:30,534.1,536.55,533.35,533.45,223356,0
2025-01-13T11:15:00+05:30,536.35,539.0,532.5,534.3,248124,0
2025-01-13T10:45:00+05:30,539.5,540.7,534.85,536.4,325459,0
2025-01-13T10:15:00+05:30,534.2,540.55,532.8,539.5,479860,0
2025-01-13T09:45:00+05:30,533.1,534.8,528.45,534.15,344119,0
2025-01-13T09:15:00+05:30,530.05,537.95,524.05,533.0,842032,0
2025-01-10T15:15:00+05:30,532.9,535.0,531.35,532.15,364836,0
2025-01-10T14:45:00+05:30,533.4,533.95,529.0,532.95,412034,0
2025-01-10T14:15:00+05:30,532.65,534.85,530.4,533.35,450403,0
2025-01-10T13:45:00+05:30,534.1,536.0,532.05,532.75,249952,0
2025-01-10T13:15:00+05:30,539.6,540.2,533.6,534.4,288521,0
2025-01-10T12:45:00+05:30,539.9,540.85,535.8,539.35,358183,0
2025-01-10T12:15:00+05:30,539.6,544.35,538.0,539.9,258549,0
2025-01-10T11:45:00+05:30,538.65,542.25,537.3,539.65,325710,0
2025-01-10T11:15:00+05:30,540.25,545.5,538.45,538.75,448274,0
2025-01-10T10:45:00+05:30,534.85,542.5,533.05,540.2,478164,0
2025-01-10T10:15:00+05:30,534.2,537.4,529.0,534.85,524867,0
2025-01-10T09:45:00+05:30,543.35,543.8,532.05,534.25,595104,0
2025-01-10T09:15:00+05:30,566.0,566.0,540.5,543.35,1234546,0
2025-01-09T15:15:00+05:30,560.85,565.8,560.3,565.8,684595,0
2025-01-09T14:45:00+05:30,564.1,564.15,560.2,560.7,1116740,0
2025-01-09T14:15:00+05:30,564.75,565.65,563.6,564.15,412475,0
2025-01-09T13:45:00+05:30,565.8,566.15,563.3,564.75,477220,0
2025-01-09T13:15:00+05:30,565.35,567.35,564.0,565.9,222225,0
2025-01-09T12:45:00+05:30,565.6,566.5,563.2,565.25,333510,0
2025-01-09T12:15:00+05:30,569.45,571.15,565.45,565.6,292120,0
2025-01-09T11:45:00+05:30,570.9,570.9,567.4,569.45,280415,0
2025-01-09T11:15:00+05:30,570.0,571.5,569.3,570.8,351255,0
2025-01-09T10:45:00+05:30,573.8,574.0,569.2,570.1,368955,0
2025-01-09T10:15:00+05:30,576.65,576.8,573.0,573.9,165645,0
2025-01-09T09:45:00+05:30,575.75,578.55,574.6,577.0,140090,0
2025-01-09T09:15:00+05:30,580.75,584.85,575.25,575.75,542285,0
2025-01-08T15:15:00+05:30,580.75,582.4,577.8,580.0,247755,0
2025-01-08T14:45:00+05:30,581.65,583.0,578.6,580.65,609555,0
2025-01-08T14:15:00+05:30,577.65,581.75,577.45,581.65,974760,0
2025-01-08T13:45:00+05:30,574.6,578.4,573.35,577.7,359815,0
2025-01-08T13:15:00+05:30,571.3,574.8,570.0,574.6,250960,0
2025-01-08T12:45:00+05:30,570.2,572.2,568.15,571.3,303750,0
2025-01-08T12:15:00+05:30,571.1,573.3,569.2,570.2,273715,0
2025-01-08T11:45:00+05:30,571.85,572.9,568.6,571.1,269050,0
2025-01-08T11:15:00+05:30,574.15,574.4,571.3,571.65,256220,0
2025-01-08T10:45:00+05:30,576.6,578.2,574.0,574.15,216965,0
2025-01-08T10:15:00+05:30,580.8,581.15,575.9,576.75,195125,0
2025-01-08T09:45:00+05:30,581.9,583.95,578.25,580.8,252640,0
2025-01-08T09:15:00+05:30,594.0,594.0,575.6,582.0,760465,0
2025-01-07T15:15:00+05:30,592.3,592.55,590.0,590.8,326555,0
2025-01-07T14:45:00+05:30,593.1,593.85,591.4,592.2,290420,0
2025-01-07T14:15:00+05:30,593.4,594.55,592.8,592.9,149750,0
2025-01-07T13:45:00+05:30,593.2,593.9,592.0,593.25,145675,0
2025-01-07T13:15:00+05:30,593.4,594.45,592.2,593.2,198200,0
2025-01-07T12:45:00+05:30,594.35,595.5,592.3,593.4,84795,0
2025-01-07T12:15:00+05:30,594.25,595.55,593.4,594.3,160675,0
2025-01-07T11:45:00+05:30,597.3,597.6,593.85,594.2,129935,0
2025-01-07T11:15:00+05:30,593.7,597.85,593.45,597.3,131545,0
2025-01-07T10:45:00+05:30,594.75,595.5,593.1,593.6,162775,0
2025-01-07T10:15:00+05:30,597.95,598.4,594.15,594.75,249770,0
2025-01-07T09:45:00+05:30,601.15,601.15,595.45,597.95,313145,0
2025-01-07T09:15:00+05:30,595.4,604.4,595.4,601.0,433535,0
2025-01-06T15:15:00+05:30,592.9,594.55,591.0,594.45,241505,0
2025-01-06T14:45:00+05:30,592.0,596.4,592.0,592.9,663805,0
2025-01-06T14:15:00+05:30,593.15,596.4,591.7,592.0,280385,0
2025-01-06T13:45:00+05:30,594.6,595.4,592.6,592.95,170285,0
2025-01-06T13:15:00+05:30,598.45,598.45,594.0,594.75,209070,0
2025-01-06T12:45:00+05:30,600.05,601.0,598.0,598.35,170915,0
2025-01-06T12:15:00+05:30,598.6,602.0,598.1,600.0,342400,0
2025-01-06T11:45:00+05:30,596.95,599.95,591.0,598.6,604830,0
2025-01-06T11:15:00+05:30,596.25,599.55,594.25,596.95,562250,0
2025-01-06T10:45:00+05:30,603.45,603.6,595.8,596.25,569980,0
2025-01-06T10:15:00+05:30,606.75,608.35,601.65,603.75,356610,0
2025-01-06T09:45:00+05:30,603.45,610.0,601.45,606.9,552220,0
2025-01-06T09:15:00+05:30,606.2,616.25,602.35,603.5,687295,0
2025-01-03T15:15:00+05:30,610.1,612.0,608.25,611.0,327905,0
2025-01-03T14:45:00+05:30,612.2,613.05,608.4,610.2,433910,0
2025-01-03T14:15:00+05:30,613.2,613.6,609.7,612.3,170190,0
2025-01-03T13:45:00+05:30,615.75,616.45,612.0,613.35,221195,0
2025-01-03T13:15:00+05:30,616.6,618.7,615.4,615.75,154390,0
2025-01-03T12:45:00+05:30,615.05,616.8,614.5,616.6,185635,0
2025-01-03T12:15:00+05:30,614.7,615.6,612.4,615.0,168670,0
2025-01-03T11:45:00+05:30,609.5,615.0,608.4,614.7,230585,0
2025-01-03T11:15:00+05:30,608.5,611.4,607.8,609.5,156160,0
2025-01-03T10:45:00+05:30,609.65,609.95,607.45,608.5,247375,0
2025-01-03T10:15:00+05:30,611.7,613.2,608.4,609.4,277185,0
2025-01-03T09:45:00+05:30,616.5,619.0,611.4,611.9,311410,0
2025-01-03T09:15:00+05:30,612.0,619.6,607.25,616.5,755290,0
2025-01-02T15:15:00+05:30,611.9,613.4,609.6,610.2,648080,0
2025-01-02T14:45:00+05:30,610.65,613.8,610.2,611.9,1369595,0
2025-01-02T14:15:00+05:30,608.9,611.6,608.6,610.75,657550,0
2025-01-02T13:45:00+05:30,607.0,608.9,606.55,608.75,327535,0
2025-01-02T13:15:00+05:30,608.3,609.0,604.0,607.0,538665,0
2025-01-02T12:45:00+05:30,601.35,608.4,601.25,608.4,847265,0
2025-01-02T12:15:00+05:30,593.45,603.2,593.05,601.6,506005,0
2025-01-02T11:45:00+05:30,597.3,597.4,593.0,593.75,205235,0
2025-01-02T11:15:00+05:30,595.5,599.7,594.9,597.4,449660,0
2025-01-02T10:45:00+05:30,592.4,596.9,592.2,595.6,524390,0
2025-01-02T10:15:00+05:30,590.55,592.9,589.6,592.4,206095,0
2025-01-02T09:45:00+05:30,591.55,593.4,589.6,590.7,310025,0
2025-01-02T09:15:00+05:30,587.45,594.4,586.3,591.4,701940,0
2025-01-01T15:15:00+05:30,582.1,586.2,581.95,584.1,209105,0
2025-01-01T14:45:00+05:30,582.4,583.5,580.8,582.05,134515,0
2025-01-01T14:15:00+05:30,582.6,583.15,582.25,582.4,38500,0
2025-01-01T13:45:00+05:30,581.2,584.2,580.45,582.8,97030,0
2025-01-01T13:15:00+05:30,581.2,581.65,579.45,581.2,36755,0
2025-01-01T12:45:00+05:30,582.7,583.2,580.4,581.2,59425,0
2025-01-01T12:15:00+05:30,583.2,583.8,581.75,582.35,66070,0
2025-01-01T11:45:00+05:30,582.8,583.6,581.5,583.05,64515,0
2025-01-01T11:15:00+05:30,583.4,584.2,580.45,582.8,142270,0
2025-01-01T10:45:00+05:30,579.35,583.8,579.35,583.35,138745,0
2025-01-01T10:15:00+05:30,578.95,580.0,577.2,579.15,65170,0
2025-01-01T09:45:00+05:30,578.3,580.4,576.6,578.7,97620,0
2025-01-01T09:15:00+05:30,579.8,580.4,576.6,578.25,144855,0
2024-12-31T15:15:00+05:30,577.4,579.0,577.0,578.9,557060,0
2024-12-31T14:45:00+05:30,579.9,580.6,577.0,577.4,917130,0
2024-12-31T14:15:00+05:30,580.35,580.6,577.25,580.15,338070,0
2024-12-31T13:45:00+05:30,578.3,581.0,578.0,580.35,235215,0
2024-12-31T13:15:00+05:30,579.2,580.35,578.1,578.25,249550,0
2024-12-31T12:45:00+05:30,578.85,579.55,578.25,579.35,127110,0
2024-12-31T12:15:00+05:30,579.6,580.0,578.3,578.9,170515,0
2024-12-31T11:45:00+05:30,577.55,579.8,576.4,579.6,239595,0
2024-12-31T11:15:00+05:30,578.4,579.85,577.15,577.5,148785,0
2024-12-31T10:45:00+05:30,580.3,580.3,576.5,578.3,274555,0
2024-12-31T10:15:00+05:30,579.5,581.35,577.0,580.1,219700,0
2024-12-31T09:45:00+05:30,578.35,580.3,576.2,579.5,225085,0
2024-12-31T09:15:00+05:30,579.6,582.55,576.35,578.35,366820,0
2024-12-30T15:15:00+05:30,584.75,585.45,582.0,584.35,343355,0
2024-12-30T14:45:00+05:30,583.35,585.7,583.2,584.7,453825,0
2024-12-30T14:15:00+05:30,582.7,584.0,581.6,583.3,189255,0
2024-12-30T13:45:00+05:30,584.6,585.0,582.2,582.85,196200,0
2024-12-30T13:15:00+05:30,587.2,587.8,584.0,584.5,275335,0
2024-12-30T12:45:00+05:30,587.25,590.0,586.45,587.1,288260,0
2024-12-30T12:15:00+05:30,590.75,591.0,586.05,587.25,197980,0
2024-12-30T11:45:00+05:30,592.75,593.75,590.2,590.3,249975,0
2024-12-30T11:15:00+05:30,585.95,592.8,585.8,592.65,307925,0
2024-12-30T10:45:00+05:30,585.6,586.45,584.65,586.0,175525,0
2024-12-30T10:15:00+05:30,583.55,585.8,583.55,585.5,133790,0
2024-12-30T09:45:00+05:30,581.65,585.75,581.6,583.8,268775,0
2024-12-30T09:15:00+05:30,582.55,583.75,579.05,581.7,367485,0
2024-12-27T15:15:00+05:30,578.7,585.0,578.1,584.0,269780,0
2024-12-27T14:45:00+05:30,580.85,581.15,578.4,578.8,192500,0
2024-12-27T14:15:00+05:30,580.5,581.3,580.0,580.6,73265,0
2024-12-27T13:45:00+05:30,581.75,582.1,580.2,580.5,75025,0
2024-12-27T13:15:00+05:30,582.2,582.55,581.45,581.75,47975,0
2024-12-27T12:45:00+05:30,583.2,583.55,580.7,582.45,72490,0
2024-12-27T12:15:00+05:30,583.55,583.85,581.55,583.2,94135,0
2024-12-27T11:45:00+05:30,584.6,584.6,583.1,583.7,80010,0
2024-12-27T11:15:00+05:30,584.8,586.0,584.0,584.65,76665,0
2024-12-27T10:45:00+05:30,585.6,585.8,584.0,584.8,80425,0
2024-12-27T10:15:00+05:30,585.05,587.6,584.6,585.45,137215,0
2024-12-27T09:45:00+05:30,584.95,587.0,584.5,585.05,114630,0
2024-12-27T09:15:00+05:30,587.4,587.95,584.1,584.85,205215,0
2024-12-26T15:15:00+05:30,586.6,586.75,583.4,585.6,319080,0
2024-12-26T14:45:00+05:30,584.7,587.2,583.45,586.55,605455,0
2024-12-26T14:15:00+05:30,582.6,585.05,582.6,584.7,369305,0
2024-12-26T13:45:00+05:30,584.15,584.6,582.2,582.6,254490,0
2024-12-26T13:15:00+05:30,582.1,584.65,580.0,584.15,291700,0
2024-12-26T12:45:00+05:30,582.5,583.0,580.4,582.0,298190,0
2024-12-26T12:15:00+05:30,581.7,582.9,580.8,582.55,227075,0
2024-12-26T11:45:00+05:30,581.95,583.0,581.0,581.7,225560,0
2024-12-26T11:15:00+05:30,581.85,582.7,579.05,581.95,349260,0
2024-12-26T10:45:00+05:30,581.85,583.0,579.6,581.95,264955,0
2024-12-26T10:15:00+05:30,579.3,582.35,575.8,581.9,336645,0
2024-12-26T09:45:00+05:30,577.6,580.2,576.65,579.25,290685,0
2024-12-26T09:15:00+05:30,578.45,581.3,574.25,577.8,622135,0
2024-12-24T15:15:00+05:30,575.75,578.0,575.4,576.0,179215,0
2024-12-24T14:45:00+05:30,577.1,577.45,575.6,575.8,245825,0
2024-12-24T14:15:00+05:30,577.35,577.35,575.15,577.0,105450,0
2024-12-24T13:45:00+05:30,576.1,577.5,575.15,577.2,71260,0
2024-12-24T13:15:00+05:30,575.5,577.7,575.5,576.05,82700,0
2024-12-24T12:45:00+05:30,577.8,579.25,575.4,575.45,158985,0
2024-12-24T12:15:00+05:30,576.65,578.15,573.3,577.85,156785,0
2024-12-24T11:45:00+05:30,575.35,577.85,574.1,576.65,212160,0
2024-12-24T11:15:00+05:30,576.8,577.8,575.1,575.1,107895,0
2024-12-24T10:45:00+05:30,577.85,578.2,576.1,576.95,62330,0
2024-12-24T10:15:00+05:30,576.6,579.4,576.35,577.8,115565,0
2024-12-24T09:45:00+05:30,572.6,577.6,572.05,576.3,161910,0
2024-12-24T09:15:00+05:30,576.6,579.5,571.0,572.6,355250,0
2024-12-23T15:15:00+05:30,577.6,577.8,574.55,575.4,301975,0
2024-12-23T14:45:00+05:30,577.2,578.4,575.6,577.45,377225,0
2024-12-23T14:15:00+05:30,577.15,579.4,576.8,577.2,157695,0
2024-12-23T13:45:00+05:30,577.05,578.0,575.1,577.0,176505,0
2024-12-23T13:15:00+05:30,576.3,577.75,575.45,577.05,145840,0
2024-12-23T12:45:00+05:30,579.3,580.0,576.0,576.3,210940,0
2024-12-23T12:15:00+05:30,579.85,581.8,578.2,579.3,159955,0
2024-12-23T11:45:00+05:30,582.0,583.55,578.3,580.0,250920,0
2024-12-23T11:15:00+05:30,586.95,587.95,581.75,581.95,436650,0
2024-12-23T10:45:00+05:30,584.6,588.65,583.65,586.95,534990,0
2024-12-23T10:15:00+05:30,588.45,590.8,584.45,584.45,419005,0
2024-12-23T09:45:00+05:30,587.65,590.4,584.0,588.45,516385,0
2024-12-23T09:15:00+05:30,581.2,589.45,581.05,587.65,979975,0
2024-12-20T15:15:00+05:30,573.5,578.05,568.75,575.7,4131845,0
2024-12-20T14:45:00+05:30,578.7,582.6,573.1,573.4,4585850,0
2024-12-20T14:15:00+05:30,576.95,580.7,576.7,578.85,624250,0
2024-12-20T13:45:00+05:30,579.75,579.75,576.6,576.95,461600,0
2024-12-20T13:15:00+05:30,582.0,583.35,578.6,579.6,356600,0
2024-12-20T12:45:00+05:30,583.1,583.95,581.1,582.0,362960,0
2024-12-20T12:15:00+05:30,586.8,586.8,583.2,583.2,209920,0
2024-12-20T11:45:00+05:30,586.0,588.75,585.95,586.9,115915,0
2024-12-20T11:15:00+05:30,589.7,590.0,585.4,586.0,157220,0
2024-12-20T10:45:00+05:30,586.3,590.6,585.25,589.6,239300,0
2024-12-20T10:15:00+05:30,583.0,587.95,581.6,586.5,263520,0
2024-12-20T09:45:00+05:30,589.55,589.55,582.4,583.0,389960,0
2024-12-20T09:15:00+05:30,590.65,592.1,582.7,589.6,586250,0
2024-12-19T15:15:00+05:30,589.1,590.45,587.6,588.4,496530,0
2024-12-19T14:45:00+05:30,586.8,590.5,586.7,589.1,694750,0
2024-12-19T14:15:00+05:30,587.1,588.8,585.0,586.8,423725,0
2024-12-19T13:45:00+05:30,584.4,587.55,583.5,587.15,358170,0
2024-12-19T13:15:00+05:30,582.2,584.95,581.2,584.4,348475,0
2024-12-19T12:45:00+05:30,581.95,583.5,581.6,582.45,378190,0
2024-12-19T12:15:00+05:30,587.4,588.8,581.65,581.95,673970,0
2024-12-19T11:45:00+05:30,585.35,587.8,584.9,587.35,454290,0
2024-12-19T11:15:00+05:30,583.0,585.8,582.5,585.35,369495,0
2024-12-19T10:45:00+05:30,580.6,584.9,579.7,583.0,343950,0
2024-12-19T10:15:00+05:30,576.2,582.0,575.7,580.6,470360,0
2024-12-19T09:45:00+05:30,578.2,582.0,576.2,576.35,710135,0
2024-12-19T09:15:00+05:30,574.0,580.0,570.65,578.2,1587605,0
2024-12-18T15:15:00+05:30,586.2,588.5,584.9,588.0,438030,0
2024-12-18T14:45:00+05:30,584.0,586.9,583.35,586.2,602350,0
2024-12-18T14:15:00+05:30,582.7,584.55,581.75,584.0,707070,0
2024-12-18T13:45:00+05:30,585.55,586.65,582.65,582.7,648880,0
2024-12-18T13:15:00+05:30,590.15,591.3,585.4,585.55,523170,0
2024-12-18T12:45:00+05:30,587.7,590.85,586.8,590.2,299745,0
2024-12-18T12:15:00+05:30,590.0,590.8,587.15,587.95,343075,0
2024-12-18T11:45:00+05:30,590.7,592.1,590.0,590.0,229995,0
2024-12-18T11:15:00+05:30,590.8,593.0,590.25,590.8,220640,0
2024-12-18T10:45:00+05:30,594.4,595.65,590.3,590.8,401030,0
2024-12-18T10:15:00+05:30,592.2,596.0,591.7,594.4,356085,0
2024-12-18T09:45:00+05:30,602.0,602.05,591.9,591.9,925900,0
2024-12-18T09:15:00+05:30,595.4,606.6,595.4,602.0,1721610,0
2024-12-17T15:15:00+05:30,595.8,595.95,593.05,594.4,1057470,0
2024-12-17T14:45:00+05:30,594.0,597.25,593.6,595.8,1248825,0
2024-12-17T14:15:00+05:30,597.8,598.6,594.0,594.05,747685,0
2024-12-17T13:45:00+05:30,598.85,600.4,596.9,597.75,583200,0
2024-12-17T13:15:00+05:30,601.65,602.35,598.0,598.85,758755,0
2024-12-17T12:45:00+05:30,604.7,605.5,601.0,601.6,846255,0
2024-12-17T12:15:00+05:30,604.2,605.8,603.2,604.6,454440,0
2024-12-17T11:45:00+05:30,604.6,606.05,603.8,604.35,403180,0
2024-12-17T11:15:00+05:30,607.6,608.4,604.0,604.4,423665,0
2024-12-17T10:45:00+05:30,607.9,610.25,607.0,607.6,673780,0
2024-12-17T10:15:00+05:30,606.5,608.0,602.85,607.9,1098455,0
2024-12-17T09:45:00+05:30,613.4,613.45,606.0,606.45,1014330,0
2024-12-17T09:15:00+05:30,627.0,627.0,612.45,613.3,1054875,0
2024-12-16T15:15:00+05:30,627.6,627.95,625.4,626.0,280375,0
2024-12-16T14:45:00+05:30,628.15,629.0,627.0,627.5,350205,0
2024-12-16T14:15:00+05:30,627.1,628.85,626.45,628.25,188860,0
2024-12-16T13:45:00+05:30,630.0,630.2,627.05,627.15,231065,0
2024-12-16T13:15:00+05:30,631.5,632.0,629.65,630.0,124360,0
2024-12-16T12:45:00+05:30,630.1,631.6,629.9,631.35,135665,0
2024-12-16T12:15:00+05:30,629.95,630.4,628.0,630.1,183395,0
2024-12-16T11:45:00+05:30,630.0,630.95,629.0,629.95,130595,0
2024-12-16T11:15:00+05:30,629.35,631.35,628.6,630.0,168195,0
2024-12-16T10:45:00+05:30,633.7,633.95,629.3,629.4,232460,0
2024-12-16T10:15:00+05:30,638.0,638.0,633.6,633.7,233750,0
2024-12-16T09:45:00+05:30,638.3,639.4,637.0,638.0,244685,0
2024-12-16T09:15:00+05:30,634.8,638.8,632.5,638.3,432850,0
2024-12-13T15:15:00+05:30,631.95,634.8,631.45,633.8,481155,0
2024-12-13T14:45:00+05:30,632.6,632.75,631.1,632.0,459605,0
2024-12-13T14:15:00+05:30,631.9,633.35,630.1,632.6,439115,0
2024-12-13T13:45:00+05:30,630.0,632.6,629.2,632.0,497350,0
2024-12-13T13:15:00+05:30,630.55,631.0,628.25,630.0,295625,0
2024-12-13T12:45:00+05:30,627.95,631.25,627.45,630.55,295005,0
2024-12-13T12:15:00+05:30,629.15,631.95,627.4,627.95,418335,0
2024-12-13T11:45:00+05:30,625.95,631.4,624.8,629.15,436070,0
2024-12-13T11:15:00+05:30,625.25,627.65,624.25,625.95,304700,0
2024-12-13T10:45:00+05:30,624.8,627.2,623.5,625.25,472475,0
2024-12-13T10:15:00+05:30,630.6,630.6,623.85,624.85,671250,0
2024-12-13T09:45:00+05:30,635.05,635.4,630.6,630.7,346575,0
2024-12-13T09:15:00+05:30,648.4,650.95,633.3,635.05,866255,0
2024-12-12T15:15:00+05:30,650.1,651.0,648.8,649.6,639055,0
2024-12-12T14:45:00+05:30,647.0,650.4,646.05,650.05,843085,0
2024-12-12T14:15:00+05:30,649.4,649.7,646.1,647.05,286120,0
2024-12-12T13:45:00+05:30,649.8,650.35,648.4,649.25,228315,0
2024-12-12T13:15:00+05:30,649.95,650.1,648.1,649.75,201545,0
2024-12-12T12:45:00+05:30,648.2,650.45,647.1,650.05,247140,0
2024-12-12T12:15:00+05:30,646.45,648.7,645.85,648.3,403415,0
2024-12-12T11:45:00+05:30,646.2,648.4,646.0,646.3,280720,0
2024-12-12T11:15:00+05:30,647.3,648.75,646.2,646.3,337540,0
2024-12-12T10:45:00+05:30,647.5,648.8,645.6,647.4,328730,0
2024-12-12T10:15:00+05:30,646.8,648.0,644.3,647.45,260560,0
2024-12-12T09:45:00+05:30,649.8,651.0,646.65,646.85,321705,0
2024-12-12T09:15:00+05:30,647.9,653.0,646.55,649.6,696535,0
2024-12-11T15:15:00+05:30,649.8,649.85,648.0,649.4,490965,0
2024-12-11T14:45:00+05:30,651.9,652.8,649.45,649.8,1022890,0
2024-12-11T14:15:00+05:30,649.65,652.4,649.05,651.7,775400,0
2024-12-11T13:45:00+05:30,650.4,652.1,648.5,649.65,448180,0
2024-12-11T13:15:00+05:30,651.65,651.75,649.15,650.4,367240,0
2024-12-11T12:45:00+05:30,647.95,653.5,647.8,651.65,1062605,0
2024-12-11T12:15:00+05:30,645.95,648.6,644.4,647.9,606860,0
2024-12-11T11:45:00+05:30,645.1,646.85,644.7,645.9,312610,0
2024-12-11T11:15:00+05:30,644.7,646.5,644.1,645.15,376930,0
2024-12-11T10:45:00+05:30,642.45,644.9,642.25,644.7,361425,0
2024-12-11T10:15:00+05:30,639.6,644.0,639.6,642.55,492185,0
2024-12-11T09:45:00+05:30,637.6,641.8,637.0,639.6,357330,0
2024-12-11T09:15:00+05:30,639.1,640.9,635.6,637.75,656190,0
2024-12-10T15:15:00+05:30,637.9,638.4,635.3,636.3,480205,0
2024-12-10T14:45:00+05:30,635.6,638.0,635.1,637.9,554795,0
2024-12-10T14:15:00+05:30,635.75,636.45,634.8,635.6,182190,0
2024-12-10T13:45:00+05:30,634.95,636.0,633.3,635.8,188455,0
2024-12-10T13:15:00+05:30,635.1,636.0,634.7,634.95,326175,0
2024-12-10T12:45:00+05:30,635.2,636.65,633.2,635.15,173040,0
2024-12-10T12:15:00+05:30,635.05,635.75,633.5,635.2,339830,0
2024-12-10T11:45:00+05:30,637.8,638.65,634.8,635.15,371245,0
2024-12-10T11:15:00+05:30,636.4,638.6,636.25,637.7,368005,0
2024-12-10T10:45:00+05:30,635.0,636.8,634.7,636.4,264915,0
2024-12-10T10:15:00+05:30,632.8,636.45,632.6,634.9,343160,0
2024-12-10T09:45:00+05:30,637.6,638.25,632.1,632.8,510190,0
2024-12-10T09:15:00+05:30,625.1,639.45,621.8,637.55,1518550,0
2024-12-09T15:15:00+05:30,620.6,621.8,619.1,621.0,400570,0
2024-12-09T14:45:00+05:30,621.9,622.75,620.35,620.6,560910,0
2024-12-09T14:15:00+05:30,622.25,623.2,621.8,621.9,126860,0
2024-12-09T13:45:00+05:30,624.0,624.0,621.8,622.25,122015,0
2024-12-09T13:15:00+05:30,622.45,624.8,620.05,624.0,1050430,0
2024-12-09T12:45:00+05:30,623.0,623.5,622.3,622.65,143085,0
2024-12-09T12:15:00+05:30,623.45,623.6,622.6,623.05,89380,0
2024-12-09T11:45:00+05:30,625.0,625.65,623.0,623.55,146385,0
2024-12-09T11:15:00+05:30,621.4,624.95,621.2,624.8,118795,0
2024-12-09T10:45:00+05:30,623.7,624.55,621.0,621.15,129485,0
2024-12-09T10:15:00+05:30,622.1,625.85,621.65,623.45,209710,0
2024-12-09T09:45:00+05:30,625.1,627.1,620.8,622.15,259430,0
2024-12-09T09:15:00+05:30,620.1,632.65,620.1,625.1,570530,0
2024-12-06T15:15:00+05:30,625.95,625.95,623.5,624.8,250365,0
2024-12-06T14:45:00+05:30,625.55,626.0,624.75,625.85,308450,0
2024-12-06T14:15:00+05:30,626.5,626.8,624.75,625.6,221775,0
2024-12-06T13:45:00+05:30,625.7,626.7,625.5,626.4,94350,0
2024-12-06T13:15:00+05:30,626.25,626.45,624.8,625.7,110490,0
2024-12-06T12:45:00+05:30,625.85,627.2,625.2,626.25,177205,0
2024-12-06T12:15:00+05:30,625.8,626.1,625.0,625.65,64495,0
2024-12-06T11:45:00+05:30,626.0,626.65,624.45,625.8,119305,0
2024-12-06T11:15:00+05:30,626.75,626.75,624.4,626.0,260655,0
2024-12-06T10:45:00+05:30,626.8,629.6,625.7,626.7,279600,0
2024-12-06T10:15:00+05:30,622.2,627.0,618.7,626.7,571320,0
2024-12-06T09:45:00+05:30,628.4,629.65,620.35,622.1,370800,0
2024-12-06T09:15:00+05:30,625.4,628.6,622.6,628.45,355165,0
2024-12-05T15:15:00+05:30,626.45,627.45,624.0,625.2,656310,0
2024-12-05T14:45:00+05:30,628.5,629.45,619.2,626.45,1316865,0
2024-12-05T14:15:00+05:30,629.0,629.8,625.4,628.65,625625,0
2024-12-05T13:45:00+05:30,622.75,629.9,621.6,629.0,834875,0
2024-12-05T13:15:00+05:30,624.3,626.5,622.4,622.65,461750,0
2024-12-05T12:45:00+05:30,622.0,624.3,620.0,624.3,333025,0
2024-12-05T12:15:00+05:30,622.55,624.4,621.45,622.0,492945,0
2024-12-05T11:45:00+05:30,618.85,623.1,617.65,622.55,643080,0
2024-12-05T11:15:00+05:30,616.5,618.95,616.05,618.8,165080,0
2024-12-05T10:45:00+05:30,621.7,621.8,614.6,616.8,350820,0
2024-12-05T10:15:00+05:30,620.45,622.2,618.7,621.7,150230,0
2024-12-05T09:45:00+05:30,624.2,624.25,618.6,620.6,463510,0
2024-12-05T09:15:00+05:30,630.5,631.8,623.2,624.2,612525,0
2024-12-04T15:15:00+05:30,625.95,628.0,625.2,626.15,777465,0
2024-12-04T14:45:00+05:30,627.35,628.2,625.65,625.95,608455,0
2024-12-04T14:15:00+05:30,630.1,630.4,626.2,627.1,437350,0
2024-12-04T13:45:00+05:30,630.15,630.4,629.3,630.1,192450,0
2024-12-04T13:15:00+05:30,630.0,630.85,629.0,630.1,222930,0
2024-12-04T12:45:00+05:30,628.3,630.7,628.05,630.0,337865,0
2024-12-04T12:15:00+05:30,629.25,630.0,628.15,628.3,262445,0
2024-12-04T11:45:00+05:30,632.4,632.8,626.25,629.0,630900,0
2024-12-04T11:15:00+05:30,630.4,633.0,630.0,632.4,420560,0
2024-12-04T10:45:00+05:30,628.7,631.0,628.7,630.4,312030,0
2024-12-04T10:15:00+05:30,629.95,631.9,628.1,628.7,263345,0
2024-12-04T09:45:00+05:30,633.1,634.7,628.5,629.75,434900,0
2024-12-04T09:15:00+05:30,629.1,633.35,623.95,632.85,834340,0
2024-12-03T15:15:00+05:30,631.25,632.0,628.4,629.1,519320,0
2024-12-03T14:45:00+05:30,629.95,631.65,629.0,631.2,784865,0
2024-12-03T14:15:00+05:30,631.45,631.8,629.15,630.0,294780,0
2024-12-03T13:45:00+05:30,630.6,632.55,629.25,631.5,366355,0
2024-12-03T13:15:00+05:30,628.65,631.35,628.55,630.65,247020,0
2024-12-03T12:45:00+05:30,632.1,633.0,628.25,628.6,355675,0
2024-12-03T12:15:00+05:30,633.1,634.0,631.55,632.25,481915,0
2024-12-03T11:45:00+05:30,629.8,633.2,628.45,633.15,510015,0
2024-12-03T11:15:00+05:30,630.85,631.75,628.65,629.8,575995,0
2024-12-03T10:45:00+05:30,636.65,638.0,630.4,630.85,840385,0
2024-12-03T10:15:00+05:30,636.75,641.2,635.65,636.65,842340,0
2024-12-03T09:45:00+05:30,639.0,641.4,635.2,636.75,1401175,0
2024-12-03T09:15:00+05:30,626.2,639.75,625.0,639.05,2630300,0
2024-12-02T15:15:00+05:30,618.95,619.5,617.0,619.4,319565,0
2024-12-02T14:45:00+05:30,618.45,620.35,617.35,618.95,565085,0
2024-12-02T14:15:00+05:30,620.1,620.2,617.9,618.45,250860,0
2024-12-02T13:45:00+05:30,618.2,620.2,617.75,620.0,236130,0
2024-12-02T13:15:00+05:30,619.15,619.4,617.75,618.2,216475,0
2024-12-02T12:45:00+05:30,618.2,619.8,617.55,619.3,143450,0
2024-12-02T12:15:00+05:30,618.75,619.8,618.1,618.25,169820,0
2024-12-02T11:45:00+05:30,621.0,621.8,618.4,618.75,392880,0
2024-12-02T11:15:00+05:30,618.1,622.95,617.3,621.0,519265,0
2024-12-02T10:45:00+05:30,617.0,619.1,616.55,618.1,647875,0
2024-12-02T10:15:00+05:30,617.35,620.65,616.05,617.0,628385,0
2024-12-02T09:45:00+05:30,614.5,617.8,613.0,617.4,419380,0
2024-12-02T09:15:00+05:30,603.95,617.0,602.15,614.35,917760,0
2024-11-29T15:15:00+05:30,603.1,604.4,602.6,603.1,508520,0
2024-11-29T14:45:00+05:30,609.35,609.75,603.0,603.1,872740,0
2024-11-29T14:15:00+05:30,606.7,609.85,606.05,609.2,465270,0
2024-11-29T13:45:00+05:30,609.15,609.3,606.15,606.7,269255,0
2024-11-29T13:15:00+05:30,606.1,610.65,604.4,609.25,701345,0
2024-11-29T12:45:00+05:30,603.2,606.55,602.25,606.05,336580,0
2024-11-29T12:15:00+05:30,602.3,606.3,602.0,603.4,302290,0
2024-11-29T11:45:00+05:30,599.05,602.4,598.45,602.15,175135,0
2024-11-29T11:15:00+05:30,602.05,602.4,599.0,599.1,214255,0
2024-11-29T10:45:00+05:30,600.9,604.2,600.2,602.05,298115,0
2024-11-29T10:15:00+05:30,601.0,603.35,598.6,600.75,521820,0
2024-11-29T09:45:00+05:30,605.3,607.0,600.75,601.0,365740,0
2024-11-29T09:15:00+05:30,611.5,613.3,604.45,605.2,563980,0
2024-11-28T15:15:00+05:30,606.55,610.95,606.25,607.6,981090,0
2024-11-28T14:45:00+05:30,608.55,610.6,606.0,606.55,1737890,0
2024-11-28T14:15:00+05:30,609.6,613.6,607.8,608.75,1682635,0
2024-11-28T13:45:00+05:30,605.45,611.1,605.2,609.6,2065260,0
2024-11-28T13:15:00+05:30,601.85,607.0,601.25,605.55,651800,0
2024-11-28T12:45:00+05:30,600.45,604.0,600.0,601.85,574140,0
2024-11-28T12:15:00+05:30,602.75,603.6,598.25,600.45,1201010,0
2024-11-28T11:45:00+05:30,599.65,604.6,599.65,602.75,398690,0
2024-11-28T11:15:00+05:30,601.4,601.75,599.55,599.6,436555,0
2024-11-28T10:45:00+05:30,602.8,604.5,599.45,601.4,441290,0
2024-11-28T10:15:00+05:30,610.6,612.6,601.2,603.1,585580,0
2024-11-28T09:45:00+05:30,612.15,615.0,610.35,610.65,507560,0
2024-11-28T09:15:00+05:30,608.0,612.25,606.2,612.15,756835,0
2024-11-27T15:15:00+05:30,604.2,604.7,602.6,604.2,211565,0
2024-11-27T14:45:00+05:30,605.0,605.55,602.7,604.2,367635,0
2024-11-27T14:15:00+05:30,604.45,605.9,604.0,605.0,440850,0
2024-11-27T13:45:00+05:30,603.25,604.65,601.95,604.6,275560,0
2024-11-27T13:15:00+05:30,604.95,605.0,602.3,603.4,181115,0
2024-11-27T12:45:00+05:30,605.55,605.95,604.4,605.1,378335,0
2024-11-27T12:15:00+05:30,603.5,606.4,603.4,605.55,156610,0
2024-11-27T11:45:00+05:30,604.1,604.85,601.45,603.6,172310,0
2024-11-27T11:15:00+05:30,604.35,607.6,604.05,604.05,142135,0
2024-11-27T10:45:00+05:30,607.3,607.3,603.55,604.4,259665,0
2024-11-27T10:15:00+05:30,607.85,609.4,606.9,607.3,145660,0
2024-11-27T09:45:00+05:30,609.4,613.35,607.6,607.85,535225,0
2024-11-27T09:15:00+05:30,605.8,612.0,603.2,609.4,749380,0
2024-11-26T15:15:00+05:30,609.4,609.4,606.85,608.8,586020,0
2024-11-26T14:45:00+05:30,610.95,612.1,609.4,609.4,1044640,0
2024-11-26T14:15:00+05:30,611.3,615.85,610.65,611.05,2035375,0
2024-11-26T13:45:00+05:30,607.2,611.95,605.0,611.6,2198310,0
2024-11-26T13:15:00+05:30,601.0,607.95,599.6,607.2,868850,0
2024-11-26T12:45:00+05:30,597.8,602.55,597.8,601.0,500610,0
2024-11-26T12:15:00+05:30,597.35,598.05,596.75,598.0,224630,0
2024-11-26T11:45:00+05:30,596.35,598.25,595.85,597.35,265365,0
2024-11-26T11:15:00+05:30,597.85,598.8,595.75,596.45,364560,0
2024-11-26T10:45:00+05:30,596.0,598.2,595.3,597.85,199990,0
2024-11-26T10:15:00+05:30,596.5,597.6,592.55,596.0,545335,0
2024-11-26T09:45:00+05:30,598.7,599.2,595.45,596.5,380520,0
2024-11-26T09:15:00+05:30,592.95,600.0,589.8,598.8,878760,0
2024-11-25T15:15:00+05:30,589.4,592.6,587.95,591.55,1738045,0
2024-11-25T14:45:00+05:30,594.5,596.0,587.2,589.4,2600825,0
2024-11-25T14:15:00+05:30,596.0,596.15,591.25,594.6,970795,0
2024-11-25T13:45:00+05:30,595.25,596.35,592.55,596.0,460665,0
2024-11-25T13:15:00+05:30,591.5,597.0,591.5,595.35,508800,0
2024-11-25T12:45:00+05:30,592.3,592.65,588.4,591.55,750320,0
2024-11-25T12:15:00+05:30,597.5,598.0,590.75,592.3,697300,0
2024-11-25T11:45:00+05:30,597.0,599.0,595.5,597.5,738725,0
2024-11-25T11:15:00+05:30,599.75,600.5,596.35,597.05,869795,0
2024-11-25T10:45:00+05:30,596.4,599.95,595.6,599.75,581645,0
2024-11-25T10:15:00+05:30,590.85,597.4,590.65,596.5,713085,0
2024-11-25T09:45:00+05:30,596.35,597.8,589.1,590.85,780275,0
2024-11-25T09:15:00+05:30,585.4,603.0,585.4,596.3,2353905,0
2024-11-22T15:15:00+05:30,570.85,570.85,567.7,568.4,840055,0
2024-11-22T14:45:00+05:30,570.05,573.0,569.65,570.85,1706965,0
2024-11-22T14:15:00+05:30,570.65,572.0,568.25,570.05,759035,0
2024-11-22T13:45:00+05:30,564.85,570.75,563.75,570.4,664830,0
2024-11-22T13:15:00+05:30,566.0,567.7,563.65,564.85,834555,0
2024-11-22T12:45:00+05:30,566.0,568.0,565.6,566.0,528280,0
2024-11-22T12:15:00+05:30,565.0,566.0,563.6,566.0,245945,0
2024-11-22T11:45:00+05:30,561.7,566.6,561.4,565.0,296195,0
2024-11-22T11:15:00+05:30,563.2,563.4,561.0,561.7,121670,0
2024-11-22T10:45:00+05:30,561.55,564.35,560.0,563.0,198085,0
2024-11-22T10:15:00+05:30,565.15,568.25,560.65,561.4,431820,0
2024-11-22T09:45:00+05:30,561.75,566.1,558.4,565.15,486445,0
2024-11-22T09:15:00+05:30,550.0,566.9,549.1,561.55,1039430,0
2024-11-21T15:15:00+05:30,561.0,561.0,559.2,560.0,226765,0
2024-11-21T14:45:00+05:30,562.05,562.65,559.2,561.0,659355,0
2024-11-21T14:15:00+05:30,560.2,562.45,559.7,562.05,450200,0
2024-11-21T13:45:00+05:30,561.35,562.8,559.8,559.9,229015,0
2024-11-21T13:15:00+05:30,560.1,562.0,559.15,561.35,229190,0
2024-11-21T12:45:00+05:30,559.4,561.0,558.2,560.35,240925,0
2024-11-21T12:15:00+05:30,558.95,560.6,558.0,559.4,234325,0
2024-11-21T11:45:00+05:30,557.7,560.7,556.7,559.0,279675,0
2024-11-21T11:15:00+05:30,558.1,559.6,557.2,557.7,311025,0
2024-11-21T10:45:00+05:30,556.3,559.55,553.6,558.2,318950,0
2024-11-21T10:15:00+05:30,557.65,559.6,556.0,556.5,226670,0
2024-11-21T09:45:00+05:30,561.8,562.2,557.0,557.4,260285,0
2024-11-21T09:15:00+05:30,567.2,567.4,555.3,562.05,1074000,0
2024-11-19T15:15:00+05:30,565.3,565.6,560.35,561.8,421380,0
2024-11-19T14:45:00+05:30,568.0,571.4,564.0,565.3,1108900,0
2024-11-19T14:15:00+05:30,566.45,568.0,563.1,568.0,521590,0
2024-11-19T13:45:00+05:30,564.6,567.0,564.2,566.45,514850,0
2024-11-19T13:15:00+05:30,562.8,564.5,561.6,564.5,363245,0
2024-11-19T12:45:00+05:30,564.3,565.15,561.95,562.75,308495,0
2024-11-19T12:15:00+05:30,566.8,567.9,564.05,564.2,256925,0
2024-11-19T11:45:00+05:30,568.6,568.95,565.05,566.8,259235,0
2024-11-19T11:15:00+05:30,568.7,569.15,567.2,568.95,241550,0
2024-11-19T10:45:00+05:30,571.0,571.35,566.2,568.8,320815,0
2024-11-19T10:15:00+05:30,571.65,572.9,570.0,571.0,542515,0
2024-11-19T09:45:00+05:30,571.4,573.2,570.6,571.9,394625,0
2024-11-19T09:15:00+05:30,569.6,572.7,563.7,571.4,678965,0
2024-11-18T15:15:00+05:30,569.7,570.45,567.7,568.0,321930,0
2024-11-18T14:45:00+05:30,568.5,571.7,567.7,569.75,599355,0
2024-11-18T14:15:00+05:30,570.5,572.75,567.55,568.5,439630,0
2024-11-18T13:45:00+05:30,568.2,573.2,568.05,570.1,290615,0
2024-11-18T13:15:00+05:30,565.8,569.65,564.4,568.2,287830,0
2024-11-18T12:45:00+05:30,566.15,568.4,564.4,566.05,294600,0
2024-11-18T12:15:00+05:30,563.2,568.9,562.2,566.2,438170,0
2024-11-18T11:45:00+05:30,561.15,564.05,560.5,563.2,247425,0
2024-11-18T11:15:00+05:30,560.65,562.8,560.0,561.35,250625,0
2024-11-18T10:45:00+05:30,560.75,561.35,560.0,560.5,258545,0
2024-11-18T10:15:00+05:30,564.2,565.95,560.5,560.75,231340,0
2024-11-18T09:45:00+05:30,562.0,566.7,561.35,564.35,439530,0
2024-11-18T09:15:00+05:30,564.5,573.35,561.7,562.0,732240,0
2024-11-14T15:15:00+05:30,563.8,568.85,563.0,566.35,820095,0
2024-11-14T14:45:00+05:30,559.85,563.8,558.2,563.8,631150,0
2024-11-14T14:15:00+05:30,560.5,562.15,559.05,559.85,314180,0
2024-11-14T13:45:00+05:30,558.15,561.0,556.6,560.5,409965,0
2024-11-14T13:15:00+05:30,560.45,560.85,556.8,558.1,531195,0
2024-11-14T12:45:00+05:30,561.85,562.15,559.65,560.55,380895,0
2024-11-14T12:15:00+05:30,564.65,564.75,561.3,561.9,317935,0
2024-11-14T11:45:00+05:30,563.45,565.0,561.15,564.65,335500,0
2024-11-14T11:15:00+05:30,562.3,564.85,562.3,563.45,326165,0
2024-11-14T10:45:00+05:30,568.05,569.25,562.2,562.25,526450,0
2024-11-14T10:15:00+05:30,568.1,571.0,566.8,568.05,568290,0
2024-11-14T09:45:00+05:30,560.3,569.8,556.65,568.1,904235,0
2024-11-14T09:15:00+05:30,570.55,573.4,558.35,560.3,1100365,0
2024-11-13T15:15:00+05:30,569.9,575.5,569.85,573.4,510725,0
2024-11-13T14:45:00+05:30,569.95,570.45,567.85,569.9,1168145,0
2024-11-13T14:15:00+05:30,575.55,575.6,568.65,570.15,461905,0
2024-11-13T13:45:00+05:30,576.3,578.7,575.15,575.45,309830,0
2024-11-13T13:15:00+05:30,575.65,576.3,573.6,576.25,265815,0
2024-11-13T12:45:00+05:30,574.1,576.6,573.95,575.65,259250,0
2024-11-13T12:15:00+05:30,572.45,576.15,572.2,574.35,263285,0
2024-11-13T11:45:00+05:30,572.15,574.9,572.0,572.3,356065,0
2024-11-13T11:15:00+05:30,575.2,575.65,572.0,572.1,356265,0
2024-11-13T10:45:00+05:30,576.2,579.4,574.5,575.3,498375,0
2024-11-13T10:15:00+05:30,577.65,582.15,576.2,576.2,463735,0
2024-11-13T09:45:00+05:30,574.2,580.8,574.0,577.65,621780,0
2024-11-13T09:15:00+05:30,586.1,586.1,572.7,574.1,1213245,0
2024-11-12T15:15:00+05:30,585.6,587.55,584.65,586.0,468230,0
2024-11-12T14:45:00+05:30,589.0,590.15,584.55,585.55,1165110,0
2024-11-12T14:15:00+05:30,589.5,592.8,587.7,588.85,524365,0
2024-11-12T13:45:00+05:30,588.7,592.15,587.6,589.45,418910,0
2024-11-12T13:15:00+05:30,591.0,591.85,588.2,588.7,367100,0
2024-11-12T12:45:00+05:30,592.8,594.0,590.2,591.45,297255,0
2024-11-12T12:15:00+05:30,596.6,598.0,592.4,592.8,325135,0
2024-11-12T11:45:00+05:30,599.05,599.8,596.4,596.6,140745,0
2024-11-12T11:15:00+05:30,598.5,601.4,597.85,599.0,185370,0
2024-11-12T10:45:00+05:30,599.65,600.0,596.45,598.5,231085,0
2024-11-12T10:15:00+05:30,601.85,603.75,599.2,599.65,254575,0
2024-11-12T09:45:00+05:30,599.5,604.45,597.8,601.8,335240,0
2024-11-12T09:15:00+05:30,602.9,605.05,596.4,599.7,712140,0
2024-11-11T15:15:00+05:30,601.25,601.35,599.0,599.8,168430,0
2024-11-11T14:45:00+05:30,601.4,601.45,598.3,601.2,365980,0
2024-11-11T14:15:00+05:30,598.35,602.4,597.4,601.4,227325,0
2024-11-11T13:45:00+05:30,600.0,600.9,597.7,598.45,284515,0
2024-11-11T13:15:00+05:30,604.6,605.0,599.85,599.95,232790,0
2024-11-11T12:45:00+05:30,605.25,606.15,604.15,604.6,151240,0
2024-11-11T12:15:00+05:30,605.75,606.6,603.65,605.2,187465,0
2024-11-11T11:45:00+05:30,610.6,611.05,605.0,605.85,192725,0
2024-11-11T11:15:00+05:30,607.8,611.4,607.7,610.65,302855,0
2024-11-11T10:45:00+05:30,604.4,609.55,604.2,607.9,300245,0
2024-11-11T10:15:00+05:30,600.25,606.25,599.4,604.4,325385,0
2024-11-11T09:45:00+05:30,601.7,604.8,599.5,600.35,332775,0
2024-11-11T09:15:00+05:30,602.0,603.6,591.55,601.9,1025105,0
2024-11-08T15:15:00+05:30,602.0,602.2,600.0,602.0,426030,0
2024-11-08T14:45:00+05:30,603.2,603.4,601.5,602.0,301975,0
2024-11-08T14:15:00+05:30,601.9,603.6,600.8,603.1,209660,0
2024-11-08T13:45:00+05:30,602.65,603.6,601.6,602.0,144665,0
2024-11-08T13:15:00+05:30,604.25,605.2,601.8,602.6,292450,0
2024-11-08T12:45:00+05:30,600.05,604.4,599.4,604.25,318820,0
2024-11-08T12:15:00+05:30,601.6,602.15,599.55,600.0,252500,0
2024-11-08T11:45:00+05:30,603.7,603.8,600.6,601.65,162790,0
2024-11-08T11:15:00+05:30,605.4,605.6,602.25,603.85,180970,0
2024-11-08T10:45:00+05:30,604.95,606.9,603.75,605.4,181085,0
2024-11-08T10:15:00+05:30,608.25,609.55,604.8,604.95,225385,0
2024-11-08T09:45:00+05:30,605.9,610.7,603.6,608.3,391330,0
2024-11-08T09:15:00+05:30,617.0,617.0,605.25,605.85,758070,0
2024-11-07T15:15:00+05:30,614.55,614.75,613.0,614.2,451410,0
2024-11-07T14:45:00+05:30,612.55,614.9,612.25,614.55,569730,0
2024-11-07T14:15:00+05:30,613.95,614.8,611.6,612.55,633215,0
2024-11-07T13:45:00+05:30,614.6,616.15,613.6,613.95,401150,0
2024-11-07T13:15:00+05:30,615.0,615.7,613.6,614.7,361710,0
2024-11-07T12:45:00+05:30,616.7,617.0,613.6,614.9,435965,0
2024-11-07T12:15:00+05:30,617.2,619.5,616.75,616.75,237335,0
2024-11-07T11:45:00+05:30,619.75,619.85,616.05,617.15,330280,0
2024-11-07T11:15:00+05:30,620.1,622.0,619.1,619.75,259775,0
2024-11-07T10:45:00+05:30,619.5,622.65,618.0,619.95,300580,0
2024-11-07T10:15:00+05:30,622.8,624.7,618.4,619.5,532075,0
2024-11-07T09:45:00+05:30,630.25,631.8,620.8,622.7,623125,0
2024-11-07T09:15:00+05:30,638.8,638.8,627.8,629.95,691840,0
2024-11-06T15:15:00+05:30,637.55,638.2,635.2,636.0,375260,0
2024-11-06T14:45:00+05:30,635.8,638.55,634.4,637.55,661950,0
2024-11-06T14:15:00+05:30,633.1,637.0,633.0,636.05,477990,0
2024-11-06T13:45:00+05:30,632.65,633.55,632.0,633.2,235585,0
2024-11-06T13:15:00+05:30,632.35,633.25,631.6,632.85,262860,0
2024-11-06T12:45:00+05:30,628.05,633.0,627.25,632.6,341760,0
2024-11-06T12:15:00+05:30,633.5,634.3,628.0,628.1,316750,0
2024-11-06T11:45:00+05:30,633.85,634.65,632.0,633.6,204345,0
2024-11-06T11:15:00+05:30,633.35,634.35,632.4,633.85,292315,0
2024-11-06T10:45:00+05:30,633.2,634.6,632.2,633.2,212120,0
2024-11-06T10:15:00+05:30,632.85,635.0,630.2,633.4,263305,0
2024-11-06T09:45:00+05:30,633.75,635.3,630.55,632.6,244505,0
2024-11-06T09:15:00+05:30,637.4,640.0,629.45,634.0,387765,0
2024-11-05T15:15:00+05:30,631.75,633.0,628.45,629.95,492145,0
2024-11-05T14:45:00+05:30,633.35,635.15,631.35,631.75,834050,0
2024-11-05T14:15:00+05:30,633.7,634.7,631.4,633.2,521180,0
2024-11-05T13:45:00+05:30,629.35,635.2,628.4,633.6,1026290,0
2024-11-05T13:15:00+05:30,616.35,630.2,614.05,629.35,1881215,0
2024-11-05T12:45:00+05:30,616.2,620.35,613.6,616.25,245430,0
2024-11-05T12:15:00+05:30,613.35,617.2,611.0,616.2,261140,0
2024-11-05T11:45:00+05:30,613.95,615.4,611.0,613.6,304715,0
2024-11-05T11:15:00+05:30,619.2,620.4,613.0,613.95,410370,0
2024-11-05T10:45:00+05:30,619.75,619.95,615.1,619.0,443375,0
2024-11-05T10:15:00+05:30,623.8,626.2,618.25,619.9,333915,0
2024-11-05T09:45:00+05:30,623.6,624.75,621.1,623.9,346800,0
2024-11-05T09:15:00+05:30,631.5,631.5,622.6,623.95,499725,0
2024-11-04T15:15:00+05:30,629.65,630.25,627.6,628.4,373670,0
2024-11-04T14:45:00+05:30,629.75,631.75,629.1,629.65,551115,0
2024-11-04T14:15:00+05:30,632.15,633.95,629.6,629.8,526855,0
2024-11-04T13:45:00+05:30,628.5,632.85,628.0,632.15,521290,0
2024-11-04T13:15:00+05:30,629.5,629.75,627.4,628.35,131180,0
2024-11-04T12:45:00+05:30,627.05,630.0,625.9,629.5,157770,0
2024-11-04T12:15:00+05:30,624.25,627.55,623.65,627.05,170630,0
2024-11-04T11:45:00+05:30,623.0,627.8,623.0,624.4,208220,0
2024-11-04T11:15:00+05:30,623.95,628.2,622.0,623.0,629010,0
2024-11-04T10:45:00+05:30,626.8,627.6,621.8,623.7,331730,0
2024-11-04T10:15:00+05:30,627.05,629.9,626.0,626.8,244705,0
2024-11-04T09:45:00+05:30,627.4,629.05,625.15,627.15,355490,0
2024-11-04T09:15:00+05:30,631.1,632.0,623.55,627.45,626765,0
2024-11-01T18:30:00+05:30,630.2,630.6,629.6,630.0,106075,0
2024-11-01T18:00:00+05:30,631.8,632.8,628.0,630.05,176280,0
2024-10-31T15:15:00+05:30,628.65,630.4,626.0,628.0,1088865,0
2024-10-31T14:45:00+05:30,623.0,628.85,622.15,628.65,1426735,0
2024-10-31T14:15:00+05:30,618.95,623.2,617.5,623.0,643305,0
2024-10-31T13:45:00+05:30,621.8,622.1,618.2,619.0,539915,0
2024-10-31T13:15:00+05:30,619.3,621.95,618.0,621.75,566385,0
2024-10-31T12:45:00+05:30,620.4,621.3,618.7,619.3,449875,0
2024-10-31T12:15:00+05:30,622.1,622.25,619.15,620.4,554470,0
2024-10-31T11:45:00+05:30,623.6,623.65,621.0,622.1,355725,0
2024-10-31T11:15:00+05:30,625.1,627.2,623.1,623.6,351300,0
2024-10-31T10:45:00+05:30,622.8,626.85,622.05,625.25,390350,0
2024-10-31T10:15:00+05:30,628.35,628.35,622.55,622.8,421325,0
2024-10-31T09:45:00+05:30,628.25,631.55,626.9,628.35,532625,0
2024-10-31T09:15:00+05:30,637.0,637.0,625.2,628.1,743055,0
2024-10-30T15:15:00+05:30,636.75,639.0,636.4,637.8,629490,0
2024-10-30T14:45:00+05:30,639.1,639.6,636.15,636.75,823350,0
2024-10-30T14:15:00+05:30,638.1,639.6,637.0,639.1,433030,0
2024-10-30T13:45:00+05:30,639.9,640.1,637.4,638.1,404010,0
2024-10-30T13:15:00+05:30,643.35,643.45,639.0,639.9,306010,0
2024-10-30T12:45:00+05:30,642.7,643.95,642.0,643.35,380650,0
2024-10-30T12:15:00+05:30,642.6,644.6,641.5,642.9,460665,0
2024-10-30T11:45:00+05:30,644.9,645.0,641.4,642.4,310160,0
2024-10-30T11:15:00+05:30,641.65,644.9,640.5,644.8,353755,0
2024-10-30T10:45:00+05:30,637.0,642.05,636.4,641.55,544070,0
2024-10-30T10:15:00+05:30,642.3,643.1,635.4,637.0,598875,0
2024-10-30T09:45:00+05:30,646.6,646.6,641.35,642.75,510985,0
2024-10-30T09:15:00+05:30,643.4,651.95,640.45,646.6,1158315,0
2024-10-29T15:15:00+05:30,653.0,654.0,650.35,650.35,626310,0
2024-10-29T14:45:00+05:30,654.95,655.3,651.75,652.85,1347715,0
2024-10-29T14:15:00+05:30,654.05,657.15,651.8,655.0,698335,0
2024-10-29T13:45:00+05:30,647.75,655.2,645.85,654.25,675735,0
2024-10-29T13:15:00+05:30,644.95,649.1,641.85,648.0,600790,0
2024-10-29T12:45:00+05:30,639.95,645.7,639.35,645.0,809445,0
2024-10-29T12:15:00+05:30,640.1,642.0,639.0,640.0,479335,0
2024-10-29T11:45:00+05:30,642.0,643.0,637.2,640.25,606960,0
2024-10-29T11:15:00+05:30,637.3,644.5,636.55,641.9,1561360,0
2024-10-29T10:45:00+05:30,634.65,638.0,633.2,637.55,809185,0
2024-10-29T10:15:00+05:30,637.25,638.0,632.5,634.8,570355,0
2024-10-29T09:45:00+05:30,642.55,644.35,633.65,637.7,1020915,0
2024-10-29T09:15:00+05:30,648.4,651.2,640.0,642.6,1084335,0
2024-10-28T15:15:00+05:30,651.9,652.8,650.25,651.6,731680,0
2024-10-28T14:45:00+05:30,654.8,656.4,651.0,651.95,1416150,0
2024-10-28T14:15:00+05:30,658.9,659.65,654.0,654.8,761480,0
2024-10-28T13:45:00+05:30,656.5,661.15,656.5,659.05,672445,0
2024-10-28T13:15:00+05:30,655.45,659.25,653.4,656.5,666415,0
2024-10-28T12:45:00+05:30,659.7,660.7,654.65,655.4,762335,0
2024-10-28T12:15:00+05:30,661.7,663.0,656.25,660.05,1166860,0
2024-10-28T11:45:00+05:30,663.5,663.6,660.0,661.65,652465,0
2024-10-28T11:15:00+05:30,659.2,664.8,657.7,663.5,932650,0
2024-10-28T10:45:00+05:30,660.75,668.85,658.05,658.95,1778365,0
2024-10-28T10:15:00+05:30,649.9,667.1,649.2,660.6,2760855,0
2024-10-28T09:45:00+05:30,646.45,653.95,643.1,649.9,1989230,0
2024-10-28T09:15:00+05:30,632.8,663.6,628.8,646.65,7186475,0
2024-10-25T15:15:00+05:30,618.35,623.6,617.2,623.6,1142040,0
2024-10-25T14:45:00+05:30,609.2,619.95,609.0,618.15,1789260,0
2024-10-25T14:15:00+05:30,606.85,611.35,605.6,609.2,1110350,0
2024-10-25T13:45:00+05:30,614.95,617.0,606.25,606.8,892355,0
2024-10-25T13:15:00+05:30,619.8,620.25,611.45,614.95,908625,0
2024-10-25T12:45:00+05:30,622.8,624.0,618.8,619.75,576315,0
2024-10-25T12:15:00+05:30,622.85,625.9,620.0,623.2,559820,0
2024-10-25T11:45:00+05:30,620.35,625.0,619.35,623.05,938710,0
2024-10-25T11:15:00+05:30,625.0,626.6,618.85,620.35,1130430,0
2024-10-25T10:45:00+05:30,614.25,628.35,613.0,625.0,1308405,0
2024-10-25T10:15:00+05:30,630.55,631.0,613.45,614.25,1130370,0
2024-10-25T09:45:00+05:30,638.9,638.9,628.2,630.4,829520,0
2024-10-25T09:15:00+05:30,650.85,650.85,638.25,639.0,2921220,0
2024-10-24T15:15:00+05:30,648.65,653.2,648.05,651.15,585710,0
2024-10-24T14:45:00+05:30,651.3,651.8,647.8,648.85,982045,0
2024-10-24T14:15:00+05:30,650.05,651.75,648.6,651.45,346850,0
2024-10-24T13:45:00+05:30,647.55,650.95,647.3,650.05,293540,0
2024-10-24T13:15:00+05:30,648.2,649.8,647.3,647.6,250020,0
2024-10-24T12:45:00+05:30,648.6,649.75,647.0,648.25,223675,0
2024-10-24T12:15:00+05:30,645.85,649.8,645.0,648.7,252490,0
2024-10-24T11:45:00+05:30,644.9,646.5,643.95,645.8,249925,0
2024-10-24T11:15:00+05:30,643.25,646.8,643.2,644.95,587000,0
2024-10-24T10:45:00+05:30,643.35,644.05,641.45,643.25,282330,0
2024-10-24T10:15:00+05:30,644.15,645.35,641.0,643.65,468645,0
2024-10-24T09:45:00+05:30,640.4,648.7,639.9,644.15,676125,0
2024-10-24T09:15:00+05:30,638.0,646.3,637.1,640.35,2295610,0
2024-10-23T15:15:00+05:30,640.0,640.45,638.5,638.8,630480,0
2024-10-23T14:45:00+05:30,638.5,641.5,638.0,640.0,749305,0
2024-10-23T14:15:00+05:30,643.55,644.35,638.6,638.7,328710,0
2024-10-23T13:45:00+05:30,645.65,646.65,643.3,643.55,578395,0
2024-10-23T13:15:00+05:30,645.0,647.45,644.6,645.65,376980,0
2024-10-23T12:45:00+05:30,644.25,646.35,643.9,645.0,327330,0
2024-10-23T12:15:00+05:30,644.15,645.85,643.65,644.25,177605,0
2024-10-23T11:45:00+05:30,648.4,648.4,643.65,644.15,285865,0
2024-10-23T11:15:00+05:30,649.45,650.6,646.2,648.35,1875990,0
2024-10-23T10:45:00+05:30,645.6,650.9,645.0,649.55,376875,0
2024-10-23T10:15:00+05:30,644.55,650.0,641.2,645.8,470280,0
2024-10-23T09:45:00+05:30,636.35,647.0,634.0,644.55,2222405,0
2024-10-23T09:15:00+05:30,640.0,652.1,635.85,636.35,1240690,0
2024-10-22T15:15:00+05:30,649.45,654.75,648.0,649.55,914115,0
2024-10-22T14:45:00+05:30,655.9,657.35,648.45,649.35,1581925,0
2024-10-22T14:15:00+05:30,660.0,660.5,654.0,656.05,713805,0
2024-10-22T13:45:00+05:30,661.25,662.0,658.8,660.0,1839640,0
2024-10-22T13:15:00+05:30,660.4,667.65,659.35,661.3,3702210,0
2024-10-22T12:45:00+05:30,659.15,664.3,657.65,660.6,1555150,0
2024-10-22T12:15:00+05:30,666.4,669.7,657.5,659.15,1153065,0
2024-10-22T11:45:00+05:30,664.9,668.25,662.4,666.4,1223615,0
2024-10-22T11:15:00+05:30,668.45,670.0,664.45,665.05,2276450,0
2024-10-22T10:45:00+05:30,670.65,673.0,666.3,668.5,571410,0
2024-10-22T10:15:00+05:30,667.05,673.4,662.85,670.1,1429685,0
2024-10-22T09:45:00+05:30,672.2,678.2,666.55,667.15,1440300,0
2024-10-22T09:15:00+05:30,662.65,673.0,657.05,672.2,1284170,0
2024-10-21T15:15:00+05:30,663.25,663.55,660.25,661.95,259790,0
2024-10-21T14:45:00+05:30,663.4,664.45,661.65,663.25,309460,0
2024-10-21T14:15:00+05:30,663.1,665.65,662.65,663.35,160430,0
2024-10-21T13:45:00+05:30,660.4,665.75,659.35,663.05,247445,0
2024-10-21T13:15:00+05:30,659.3,663.0,659.25,660.4,169445,0
2024-10-21T12:45:00+05:30,658.4,660.65,657.05,659.0,612185,0
2024-10-21T12:15:00+05:30,656.2,659.35,656.2,658.4,370960,0
2024-10-21T11:45:00+05:30,657.45,658.0,654.4,656.25,995940,0
2024-10-21T11:15:00+05:30,658.95,659.0,655.55,657.45,295965,0
2024-10-21T10:45:00+05:30,659.4,661.55,658.0,659.0,353735,0
2024-10-21T10:15:00+05:30,664.2,664.5,658.4,659.4,399565,0
2024-10-21T09:45:00+05:30,665.0,667.8,660.0,664.25,437540,0
2024-10-21T09:15:00+05:30,671.4,676.7,662.7,665.1,1002910,0
2024-10-18T15:15:00+05:30,668.4,671.8,667.65,670.0,415675,0
2024-10-18T14:45:00+05:30,667.65,671.6,667.15,668.5,746255,0
2024-10-18T14:15:00+05:30,672.8,674.8,666.4,667.65,658040,0
2024-10-18T13:45:00+05:30,666.0,673.45,664.95,672.6,835975,0
2024-10-18T13:15:00+05:30,657.8,668.6,657.65,666.2,663405,0
2024-10-18T12:45:00+05:30,661.4,662.15,657.6,657.8,338775,0
2024-10-18T12:15:00+05:30,660.6,663.35,659.85,661.4,254830,0
2024-10-18T11:45:00+05:30,656.8,662.95,656.2,660.6,412085,0
2024-10-18T11:15:00+05:30,653.3,656.95,650.8,656.6,537360,0
2024-10-18T10:45:00+05:30,649.65,653.45,649.6,653.3,623720,0
2024-10-18T10:15:00+05:30,648.45,650.95,647.95,649.65,864970,0
2024-10-18T09:45:00+05:30,645.75,651.95,644.4,648.4,1182635,0
2024-10-18T09:15:00+05:30,637.55,646.0,629.15,645.8,1806790,0
2024-10-17T15:15:00+05:30,652.0,652.45,649.2,650.25,961630,0
2024-10-17T14:45:00+05:30,652.05,654.0,651.4,651.9,1688345,0
2024-10-17T14:15:00+05:30,651.5,653.4,650.45,652.05,1244090,0
2024-10-17T13:45:00+05:30,654.5,655.8,650.55,651.4,739580,0
2024-10-17T13:15:00+05:30,659.3,659.4,653.6,654.5,267060,0
2024-10-17T12:45:00+05:30,657.95,659.8,656.1,659.3,227725,0
2024-10-17T12:15:00+05:30,657.2,660.2,657.05,657.95,232100,0
2024-10-17T11:45:00+05:30,663.6,663.6,655.0,657.2,339150,0
2024-10-17T11:15:00+05:30,665.0,666.95,662.6,663.1,330565,0
2024-10-17T10:45:00+05:30,668.6,670.85,664.8,665.0,432155,0
2024-10-17T10:15:00+05:30,665.5,670.25,664.45,668.35,631280,0
2024-10-17T09:45:00+05:30,660.65,665.8,659.1,665.55,394955,0
2024-10-17T09:15:00+05:30,675.8,677.2,660.45,660.7,719885,0
2024-10-16T15:15:00+05:30,678.95,678.95,676.0,676.8,113790,0
2024-10-16T14:45:00+05:30,680.0,681.55,677.4,678.8,259485,0
2024-10-16T14:15:00+05:30,678.05,680.45,678.0,680.0,133760,0
2024-10-16T13:45:00+05:30,674.75,678.55,674.4,678.05,144505,0
2024-10-16T13:15:00+05:30,676.25,676.6,674.25,674.75,117610,0
2024-10-16T12:45:00+05:30,676.2,677.1,675.2,676.25,96655,0
2024-10-16T12:15:00+05:30,675.1,676.6,674.2,676.15,81705,0
2024-10-16T11:45:00+05:30,674.85,676.95,674.1,675.1,63545,0
2024-10-16T11:15:00+05:30,677.2,677.2,673.4,674.85,93985,0
2024-10-16T10:45:00+05:30,675.1,678.0,675.05,677.2,68145,0
2024-10-16T10:15:00+05:30,677.55,678.9,674.25,675.35,82310,0
2024-10-16T09:45:00+05:30,677.9,679.15,676.45,677.6,58595,0
2024-10-16T09:15:00+05:30,683.4,684.4,676.45,677.9,283655,0
2024-10-15T15:15:00+05:30,680.8,683.8,679.75,682.35,742320,0
2024-10-15T14:45:00+05:30,676.4,681.6,675.95,680.85,1062890,0
2024-10-15T14:15:00+05:30,680.05,682.3,676.25,676.6,553030,0
2024-10-15T13:45:00+05:30,680.8,681.55,679.1,680.15,220535,0
2024-10-15T13:15:00+05:30,681.1,681.55,679.2,680.8,190515,0
2024-10-15T12:45:00+05:30,681.65,681.85,680.25,681.1,205510,0
2024-10-15T12:15:00+05:30,677.15,682.35,676.35,681.5,422945,0
2024-10-15T11:45:00+05:30,676.9,678.0,676.0,676.9,124185,0
2024-10-15T11:15:00+05:30,676.15,677.75,673.7,676.9,170995,0
2024-10-15T10:45:00+05:30,679.3,680.15,674.0,675.85,179195,0
2024-10-15T10:15:00+05:30,677.95,679.95,675.0,679.3,455110,0
2024-10-15T09:45:00+05:30,681.5,682.25,677.65,677.75,341695,0
2024-10-15T09:15:00+05:30,684.0,687.7,677.05,681.5,533340,0
2024-10-14T15:15:00+05:30,679.6,679.6,677.0,678.8,291775,0
2024-10-14T14:45:00+05:30,677.0,680.15,675.8,679.55,471710,0
2024-10-14T14:15:00+05:30,675.9,677.45,674.6,677.0,130130,0
2024-10-14T13:45:00+05:30,675.45,677.8,675.4,675.85,154980,0
2024-10-14T13:15:00+05:30,675.8,676.55,674.0,675.45,140095,0
2024-10-14T12:45:00+05:30,677.8,678.3,675.0,676.0,142695,0
2024-10-14T12:15:00+05:30,679.8,680.05,677.25,677.8,139025,0
2024-10-14T11:45:00+05:30,678.7,680.6,678.45,679.8,162870,0
2024-10-14T11:15:00+05:30,679.6,681.55,678.65,678.65,199015,0
2024-10-14T10:45:00+05:30,677.85,679.95,677.05,679.6,219780,0
2024-10-14T10:15:00+05:30,678.85,682.0,676.1,678.1,388770,0
2024-10-14T09:45:00+05:30,679.6,686.0,678.05,678.6,882645,0
2024-10-14T09:15:00+05:30,673.6,679.6,670.75,679.4,505065,0
2024-10-11T15:15:00+05:30,668.55,669.9,665.55,669.6,248340,0
2024-10-11T14:45:00+05:30,668.8,669.9,668.0,668.55,161510,0
2024-10-11T14:15:00+05:30,666.65,669.15,666.4,668.8,123695,0
2024-10-11T13:45:00+05:30,666.75,668.4,666.1,666.6,75845,0
2024-10-11T13:15:00+05:30,665.1,669.8,665.05,666.8,140030,0
2024-10-11T12:45:00+05:30,664.5,665.3,663.85,665.2,43520,0
2024-10-11T12:15:00+05:30,663.1,665.4,662.9,664.5,60360,0
2024-10-11T11:45:00+05:30,663.05,663.8,661.6,663.2,74020,0
2024-10-11T11:15:00+05:30,663.7,664.8,662.6,663.05,138735,0
2024-10-11T10:45:00+05:30,667.65,668.55,663.6,663.7,122675,0
2024-10-11T10:15:00+05:30,666.95,668.6,666.4,667.85,88930,0
2024-10-11T09:45:00+05:30,666.6,669.65,666.6,667.0,234900,0
2024-10-11T09:15:00+05:30,670.0,671.6,663.2,666.6,278065,0
2024-10-10T15:15:00+05:30,667.2,670.6,666.15,668.4,315695,0
2024-10-10T14:45:00+05:30,667.35,668.65,665.2,667.2,430575,0
2024-10-10T14:15:00+05:30,669.35,670.25,667.05,667.35,208875,0
2024-10-10T13:45:00+05:30,673.9,674.0,668.0,669.3,131400,0
2024-10-10T13:15:00+05:30,670.0,674.0,669.3,674.0,240905,0
2024-10-10T12:45:00+05:30,670.7,671.0,668.0,670.0,152555,0
2024-10-10T12:15:00+05:30,670.25,671.0,669.6,670.8,71880,0
2024-10-10T11:45:00+05:30,668.1,671.1,667.0,670.25,171275,0
2024-10-10T11:15:00+05:30,670.9,671.2,667.6,668.15,189615,0
2024-10-10T10:45:00+05:30,669.55,673.9,669.0,670.85,271040,0
2024-10-10T10:15:00+05:30,671.0,673.6,669.0,669.85,312700,0
2024-10-10T09:45:00+05:30,672.5,674.35,669.8,670.85,688605,0
2024-10-10T09:15:00+05:30,680.0,683.2,672.05,672.5,543830,0
2024-10-09T15:15:00+05:30,678.6,678.65,674.7,675.0,624600,0
2024-10-09T14:45:00+05:30,679.15,680.7,677.0,678.6,1007365,0
2024-10-09T14:15:00+05:30,678.95,680.4,676.2,679.15,340445,0
2024-10-09T13:45:00+05:30,679.55,680.45,678.0,679.1,191475,0
2024-10-09T13:15:00+05:30,679.85,680.4,676.0,679.55,224080,0
2024-10-09T12:45:00+05:30,685.1,685.1,679.0,679.85,373850,0
2024-10-09T12:15:00+05:30,686.75,689.7,685.05,685.05,227350,0
2024-10-09T11:45:00+05:30,686.45,687.4,685.2,686.75,162295,0
2024-10-09T11:15:00+05:30,692.4,693.0,686.05,686.75,401675,0
2024-10-09T10:45:00+05:30,691.75,694.1,691.0,692.15,229675,0
2024-10-09T10:15:00+05:30,691.4,695.55,687.3,691.75,574240,0
2024-10-09T09:45:00+05:30,687.95,696.0,685.2,691.4,852975,0
2024-10-09T09:15:00+05:30,670.9,688.45,668.0,687.7,1344820,0
2024-10-08T15:15:00+05:30,665.2,667.0,663.95,666.4,514635,0
2024-10-08T14:45:00+05:30,663.85,667.25,662.55,665.0,663140,0
2024-10-08T14:15:00+05:30,667.0,667.45,662.45,663.85,361335,0
2024-10-08T13:45:00+05:30,669.85,670.6,666.4,667.0,255310,0
2024-10-08T13:15:00+05:30,666.0,670.55,664.95,669.95,340155,0
2024-10-08T12:45:00+05:30,669.4,674.6,664.4,666.0,1811820,0
2024-10-08T12:15:00+05:30,667.35,670.4,664.7,669.15,3355115,0
2024-10-08T11:45:00+05:30,664.2,671.25,662.7,667.35,337040,0
2024-10-08T11:15:00+05:30,664.7,665.1,662.0,664.2,198675,0
2024-10-08T10:45:00+05:30,665.1,667.1,664.15,664.55,128435,0
2024-10-08T10:15:00+05:30,663.4,667.0,661.2,665.1,200370,0
2024-10-08T09:45:00+05:30,664.2,668.6,661.2,663.3,462160,0
2024-10-08T09:15:00+05:30,655.6,667.8,655.6,664.0,477875,0
2024-10-07T15:15:00+05:30,658.6,662.0,658.45,661.8,260515,0
2024-10-07T14:45:00+05:30,656.25,661.7,655.25,658.6,634045,0
2024-10-07T14:15:00+05:30,655.95,656.65,653.5,656.3,305950,0
2024-10-07T13:45:00+05:30,652.75,657.35,651.2,655.95,351425,0
2024-10-07T13:15:00+05:30,654.5,656.9,652.05,652.8,362735,0
2024-10-07T12:45:00+05:30,657.5,657.55,653.45,654.5,282620,0
2024-10-07T12:15:00+05:30,657.3,659.0,655.1,657.65,273835,0
2024-10-07T11:45:00+05:30,656.35,657.6,653.9,657.1,322800,0
2024-10-07T11:15:00+05:30,657.8,661.5,655.65,656.35,325480,0
2024-10-07T10:45:00+05:30,659.1,659.1,652.2,657.9,718335,0
2024-10-07T10:15:00+05:30,665.55,667.95,658.65,659.3,435320,0
2024-10-07T09:45:00+05:30,670.1,670.15,663.85,665.55,440655,0
2024-10-07T09:15:00+05:30,673.95,682.6,668.35,670.1,755260,0
2024-10-04T15:15:00+05:30,667.1,670.0,666.3,670.0,639740,0
2024-10-04T14:45:00+05:30,664.95,669.0,663.25,667.2,951330,0
2024-10-04T14:15:00+05:30,666.3,667.2,663.55,664.95,511210,0
2024-10-04T13:45:00+05:30,664.5,666.7,663.1,666.3,377125,0
2024-10-04T13:15:00+05:30,667.25,667.85,663.4,664.5,504965,0
2024-10-04T12:45:00+05:30,671.75,674.35,667.2,667.3,607385,0
2024-10-04T12:15:00+05:30,671.9,676.0,671.0,671.75,675300,0
2024-10-04T11:45:00+05:30,670.8,672.95,669.6,671.7,608900,0
2024-10-04T11:15:00+05:30,670.9,671.4,669.1,670.75,444520,0
2024-10-04T10:45:00+05:30,667.15,673.2,665.8,670.9,790390,0
2024-10-04T10:15:00+05:30,670.35,671.0,664.0,667.15,685525,0
2024-10-04T09:45:00+05:30,675.0,679.0,669.2,670.2,1047580,0
2024-10-04T09:15:00+05:30,681.4,682.9,670.0,674.9,973615,0
2024-10-03T15:15:00+05:30,681.4,684.4,680.0,682.5,789935,0
2024-10-03T14:45:00+05:30,685.1,685.8,680.05,681.25,1343515,0
2024-10-03T14:15:00+05:30,686.05,687.0,683.3,685.1,668965,0
2024-10-03T13:45:00+05:30,686.1,690.0,684.2,686.1,363320,0
2024-10-03T13:15:00+05:30,686.6,687.8,685.0,686.05,169775,0
2024-10-03T12:45:00+05:30,690.1,691.0,685.0,686.45,280710,0
2024-10-03T12:15:00+05:30,685.45,691.0,685.3,690.2,299025,0
2024-10-03T11:45:00+05:30,686.8,688.85,684.8,685.45,293490,0
2024-10-03T11:15:00+05:30,689.15,691.5,686.2,686.8,626065,0
2024-10-03T10:45:00+05:30,691.4,692.0,688.5,689.15,556365,0
2024-10-03T10:15:00+05:30,694.55,696.65,690.0,691.4,667780,0
2024-10-03T09:45:00+05:30,702.55,702.9,692.5,694.55,916290,0
2024-10-03T09:15:00+05:30,714.0,715.0,701.2,702.4,1020400,0
2024-10-01T15:15:00+05:30,713.55,715.7,712.6,713.6,340000,0
2024-10-01T14:45:00+05:30,714.4,716.25,712.5,713.8,527570,0
2024-10-01T14:15:00+05:30,715.8,716.65,712.45,714.4,148930,0
2024-10-01T13:45:00+05:30,717.55,717.75,715.15,715.8,175845,0
2024-10-01T13:15:00+05:30,716.7,718.0,715.3,717.55,204400,0
2024-10-01T12:45:00+05:30,714.7,716.8,713.6,716.7,275355,0
2024-10-01T12:15:00+05:30,719.7,719.8,714.2,714.55,197710,0
2024-10-01T11:45:00+05:30,719.45,719.8,717.4,719.75,117585,0
2024-10-01T11:15:00+05:30,718.65,719.8,718.2,719.55,79310,0
2024-10-01T10:45:00+05:30,718.8,722.0,717.4,718.7,163730,0
2024-10-01T10:15:00+05:30,719.45,720.4,716.6,718.65,124455,0
2024-10-01T09:45:00+05:30,722.8,725.55,719.45,719.45,233950,0
2024-10-01T09:15:00+05:30,715.4,724.6,711.55,722.8,752565,0
2024-09-30T15:15:00+05:30,715.55,718.4,713.6,717.2,801835,0
2024-09-30T14:45:00+05:30,716.0,720.0,714.8,715.55,1059425,0
2024-09-30T14:15:00+05:30,718.2,718.6,715.75,716.0,121895,0
2024-09-30T13:45:00+05:30,718.15,720.85,717.4,718.2,111745,0
2024-09-30T13:15:00+05:30,720.2,720.9,717.55,718.15,157245,0
2024-09-30T12:45:00+05:30,720.65,721.45,719.05,720.15,143580,0
2024-09-30T12:15:00+05:30,720.65,721.5,718.15,720.7,234755,0
2024-09-30T11:45:00+05:30,720.75,721.9,720.0,720.6,268345,0
2024-09-30T11:15:00+05:30,723.1,723.25,720.15,720.75,283275,0
2024-09-30T10:45:00+05:30,727.05,727.05,722.2,723.1,313510,0
2024-09-30T10:15:00+05:30,724.2,728.0,723.35,727.0,155165,0
2024-09-30T09:45:00+05:30,723.75,724.9,720.45,724.2,256445,0
2024-09-30T09:15:00+05:30,722.8,729.0,721.7,723.75,418530,0
2024-09-27T15:15:00+05:30,725.65,726.4,722.25,725.35,711175,0
2024-09-27T14:45:00+05:30,727.35,727.8,721.2,725.65,911450,0
2024-09-27T14:15:00+05:30,728.95,729.55,726.85,727.35,428145,0
2024-09-27T13:45:00+05:30,727.55,730.0,727.45,728.95,503745,0
2024-09-27T13:15:00+05:30,724.35,727.8,723.2,727.55,411915,0
2024-09-27T12:45:00+05:30,726.55,727.25,722.0,724.45,298575,0
2024-09-27T12:15:00+05:30,726.3,730.45,725.75,726.4,299180,0
2024-09-27T11:45:00+05:30,725.3,726.45,725.0,726.3,108185,0
2024-09-27T11:15:00+05:30,726.5,727.8,724.05,725.3,171365,0
2024-09-27T10:45:00+05:30,724.8,727.6,724.15,726.6,190725,0
2024-09-27T10:15:00+05:30,722.85,724.85,721.1,724.65,211675,0
2024-09-27T09:45:00+05:30,724.6,728.35,721.4,722.6,310100,0
2024-09-27T09:15:00+05:30,723.6,727.2,719.15,724.6,402195,0
2024-09-26T15:15:00+05:30,726.4,727.4,723.05,724.4,942160,0
2024-09-26T14:45:00+05:30,723.9,727.1,722.55,726.6,1421295,0
2024-09-26T14:15:00+05:30,713.45,723.95,713.45,723.9,659705,0
2024-09-26T13:45:00+05:30,711.05,714.15,709.6,713.45,244775,0
2024-09-26T13:15:00+05:30,711.05,712.6,710.55,711.0,168260,0
2024-09-26T12:45:00+05:30,711.0,713.9,710.5,711.1,248875,0
2024-09-26T12:15:00+05:30,709.0,711.15,708.3,711.0,200660,0
2024-09-26T11:45:00+05:30,707.95,709.6,705.9,708.85,234350,0
2024-09-26T11:15:00+05:30,709.75,709.8,707.8,708.15,127135,0
2024-09-26T10:45:00+05:30,709.55,709.75,706.95,709.75,180295,0
2024-09-26T10:15:00+05:30,707.8,709.95,707.4,709.55,180920,0
2024-09-26T09:45:00+05:30,707.5,708.2,706.35,707.8,182775,0
2024-09-26T09:15:00+05:30,707.4,711.4,706.0,707.75,558390,0
2024-09-25T15:15:00+05:30,705.55,707.95,704.2,706.05,311380,0
2024-09-25T14:45:00+05:30,700.5,706.2,700.0,705.55,541360,0
2024-09-25T14:15:00+05:30,701.05,701.9,699.0,700.55,232510,0
2024-09-25T13:45:00+05:30,699.0,702.0,699.0,701.15,156130,0
2024-09-25T13:15:00+05:30,701.4,702.15,698.4,699.15,224070,0
2024-09-25T12:45:00+05:30,695.2,702.0,695.05,701.55,226670,0
2024-09-25T12:15:00+05:30,692.45,695.9,692.25,695.4,227735,0
2024-09-25T11:45:00+05:30,696.15,696.15,691.6,692.3,354000,0
2024-09-25T11:15:00+05:30,696.85,698.65,695.75,695.85,221955,0
2024-09-25T10:45:00+05:30,696.15,699.0,695.75,696.95,203285,0
2024-09-25T10:15:00+05:30,697.75,699.15,694.65,696.45,322005,0
2024-09-25T09:45:00+05:30,702.85,704.0,697.6,697.8,364285,0
2024-09-25T09:15:00+05:30,703.25,705.6,698.5,702.85,411325,0
2024-09-24T15:15:00+05:30,704.0,705.0,702.3,703.6,598755,0
2024-09-24T14:45:00+05:30,701.95,709.25,700.4,704.25,1885425,0
2024-09-24T14:15:00+05:30,704.75,705.2,700.8,701.95,861220,0
2024-09-24T13:45:00+05:30,706.8,708.55,704.1,704.8,468445,0
2024-09-24T13:15:00+05:30,708.65,709.6,706.55,707.05,244035,0
2024-09-24T12:45:00+05:30,708.45,709.25,708.0,708.65,220700,0
2024-09-24T12:15:00+05:30,708.8,710.15,708.0,708.5,216715,0
2024-09-24T11:45:00+05:30,709.2,709.6,707.0,708.9,293760,0
2024-09-24T11:15:00+05:30,705.1,709.2,704.35,709.05,321055,0
2024-09-24T10:45:00+05:30,708.6,709.85,702.8,705.0,438000,0
2024-09-24T10:15:00+05:30,709.45,709.85,706.25,708.6,140615,0
2024-09-24T09:45:00+05:30,707.2,710.0,707.0,709.3,225750,0
2024-09-24T09:15:00+05:30,716.3,716.3,704.85,707.2,714270,0
2024-09-23T15:15:00+05:30,713.6,714.4,711.35,712.1,197970,0
2024-09-23T14:45:00+05:30,713.3,714.9,712.75,713.55,344965,0
2024-09-23T14:15:00+05:30,710.8,713.4,710.45,713.25,197630,0
2024-09-23T13:45:00+05:30,709.8,711.0,709.3,710.8,41325,0
2024-09-23T13:15:00+05:30,709.95,710.95,709.35,710.0,65510,0
2024-09-23T12:45:00+05:30,711.35,711.65,709.8,710.0,65995,0
2024-09-23T12:15:00+05:30,709.4,711.6,708.25,711.35,108975,0
2024-09-23T11:45:00+05:30,710.3,710.5,708.0,709.3,137970,0
2024-09-23T11:15:00+05:30,710.95,713.55,710.0,710.45,183525,0
2024-09-23T10:45:00+05:30,712.1,713.0,709.8,711.0,123020,0
2024-09-23T10:15:00+05:30,710.35,713.0,709.0,712.1,206255,0
2024-09-23T09:45:00+05:30,711.8,713.6,709.0,710.25,282185,0
2024-09-23T09:15:00+05:30,710.2,722.4,710.0,711.6,975710,0
2024-09-20T15:15:00+05:30,707.15,711.55,704.6,710.25,1296765,0
2024-09-20T14:45:00+05:30,714.3,717.2,703.55,707.15,2315215,0
2024-09-20T14:15:00+05:30,713.4,716.45,712.85,714.2,433680,0
2024-09-20T13:45:00+05:30,710.7,714.35,709.1,713.1,267370,0
2024-09-20T13:15:00+05:30,708.8,713.55,708.75,710.35,346630,0
2024-09-20T12:45:00+05:30,708.0,708.8,706.5,708.75,135810,0
2024-09-20T12:15:00+05:30,708.1,708.4,706.3,707.9,92920,0
2024-09-20T11:45:00+05:30,704.6,709.2,704.55,707.9,133970,0
2024-09-20T11:15:00+05:30,706.5,706.75,704.25,704.6,120225,0
2024-09-20T10:45:00+05:30,706.3,707.25,703.4,706.8,191250,0
2024-09-20T10:15:00+05:30,706.8,708.6,705.15,706.55,194215,0
2024-09-20T09:45:00+05:30,705.85,709.25,704.2,706.8,264050,0
2024-09-20T09:15:00+05:30,707.8,713.05,704.2,705.65,603710,0
2024-09-19T15:15:00+05:30,706.0,707.65,704.0,706.0,666980,0
2024-09-19T14:45:00+05:30,702.55,706.5,702.4,706.0,999575,0
2024-09-19T14:15:00+05:30,700.65,703.6,700.25,702.75,417060,0
2024-09-19T13:45:00+05:30,702.5,703.1,700.6,700.65,278300,0
2024-09-19T13:15:00+05:30,701.0,704.4,700.65,702.55,272540,0
2024-09-19T12:45:00+05:30,705.6,706.2,700.0,701.1,325360,0
2024-09-19T12:15:00+05:30,704.6,706.4,701.4,705.45,366165,0
2024-09-19T11:45:00+05:30,702.45,705.7,701.6,704.6,266120,0
2024-09-19T11:15:00+05:30,708.85,709.4,701.0,702.65,653105,0
2024-09-19T10:45:00+05:30,713.35,713.5,708.4,708.85,311275,0
2024-09-19T10:15:00+05:30,715.5,717.7,713.15,713.35,216275,0
2024-09-19T09:45:00+05:30,721.9,724.75,714.25,715.45,634310,0
2024-09-19T09:15:00+05:30,714.3,722.9,712.35,721.9,994865,0
2024-09-18T15:15:00+05:30,714.75,715.45,712.05,713.8,836790,0
2024-09-18T14:45:00+05:30,714.85,717.1,714.3,715.0,864815,0
2024-09-18T14:15:00+05:30,709.65,718.0,708.85,714.95,1048200,0
2024-09-18T13:45:00+05:30,709.9,711.95,707.95,709.6,751250,0
2024-09-18T13:15:00+05:30,709.15,711.25,707.0,709.85,744815,0
2024-09-18T12:45:00+05:30,708.0,713.55,707.8,709.15,1358920,0
2024-09-18T12:15:00+05:30,706.0,709.2,705.65,708.15,342845,0
2024-09-18T11:45:00+05:30,705.8,706.8,704.6,706.0,373870,0
2024-09-18T11:15:00+05:30,702.45,708.35,702.15,705.55,856050,0
2024-09-18T10:45:00+05:30,701.8,703.0,698.2,702.15,505925,0
2024-09-18T10:15:00+05:30,696.0,703.6,693.75,701.75,1164405,0
2024-09-18T09:45:00+05:30,696.4,698.8,695.0,696.0,363055,0
2024-09-18T09:15:00+05:30,688.9,699.2,688.0,696.2,1350835,0
2024-09-17T15:15:00+05:30,684.7,687.8,683.5,686.8,572035,0
2024-09-17T14:45:00+05:30,687.6,688.25,683.6,684.7,1396640,0
2024-09-17T14:15:00+05:30,689.2,690.1,686.8,687.6,1507850,0
2024-09-17T13:45:00+05:30,691.45,691.9,688.6,689.35,573430,0
2024-09-17T13:15:00+05:30,690.25,691.6,689.0,691.25,236085,0
2024-09-17T12:45:00+05:30,687.75,690.4,687.05,690.25,576465,0
2024-09-17T12:15:00+05:30,690.3,690.5,687.5,687.75,229820,0
2024-09-17T11:45:00+05:30,686.45,691.3,686.0,690.3,682790,0
2024-09-17T11:15:00+05:30,686.55,688.2,685.6,686.45,207055,0
2024-09-17T10:45:00+05:30,688.95,689.95,684.8,686.45,380810,0
2024-09-17T10:15:00+05:30,689.4,693.35,688.15,689.1,477080,0
2024-09-17T09:45:00+05:30,688.4,690.6,687.6,689.4,487365,0
2024-09-17T09:15:00+05:30,683.0,688.7,681.5,688.4,691505,0
2024-09-16T15:15:00+05:30,684.0,684.75,681.2,683.9,310150,0
2024-09-16T14:45:00+05:30,683.15,684.9,683.0,684.0,183190,0
2024-09-16T14:15:00+05:30,683.5,685.3,683.0,683.15,165995,0
2024-09-16T13:45:00+05:30,687.0,687.95,683.5,683.5,380920,0
2024-09-16T13:15:00+05:30,686.05,687.15,683.8,687.05,599875,0
2024-09-16T12:45:00+05:30,680.75,686.05,679.8,686.05,444950,0
2024-09-16T12:15:00+05:30,680.3,681.6,679.0,680.75,250935,0
2024-09-16T11:45:00+05:30,680.5,682.0,679.65,680.4,253660,0
2024-09-16T11:15:00+05:30,682.6,683.85,680.25,680.5,341195,0
2024-09-16T10:45:00+05:30,680.15,682.6,679.0,682.6,303975,0
2024-09-16T10:15:00+05:30,678.6,682.0,678.1,680.0,285410,0
2024-09-16T09:45:00+05:30,675.25,681.0,675.0,678.55,532845,0
2024-09-16T09:15:00+05:30,675.6,677.0,672.5,675.35,664590,0
2024-09-13T15:15:00+05:30,673.35,677.1,673.25,674.0,757805,0
2024-09-13T14:45:00+05:30,674.8,676.35,673.0,673.4,739310,0
2024-09-13T14:15:00+05:30,675.8,677.0,674.2,674.8,271230,0
2024-09-13T13:45:00+05:30,675.9,677.25,674.8,675.7,156480,0
2024-09-13T13:15:00+05:30,680.1,680.15,675.5,675.8,310035,0
2024-09-13T12:45:00+05:30,680.65,681.4,679.5,680.0,315395,0
2024-09-13T12:15:00+05:30,678.05,681.0,677.4,680.65,103620,0
2024-09-13T11:45:00+05:30,677.5,679.25,677.25,678.1,124905,0
2024-09-13T11:15:00+05:30,680.6,681.35,676.6,677.5,283105,0
2024-09-13T10:45:00+05:30,681.0,683.25,680.05,680.6,211990,0
2024-09-13T10:15:00+05:30,682.95,685.0,680.75,680.75,432520,0
2024-09-13T09:45:00+05:30,679.9,683.4,677.4,683.0,482095,0
2024-09-13T09:15:00+05:30,679.95,681.9,676.1,679.85,583395,0
2024-09-12T15:15:00+05:30,681.25,681.5,678.0,678.0,888940,0
2024-09-12T14:45:00+05:30,677.05,682.5,677.0,681.25,1795870,0
2024-09-12T14:15:00+05:30,677.0,678.45,676.15,677.1,676900,0
2024-09-12T13:45:00+05:30,672.15,677.6,670.6,677.0,899325,0
2024-09-12T13:15:00+05:30,675.8,676.8,671.95,672.05,537100,0
2024-09-12T12:45:00+05:30,676.3,677.0,673.6,675.8,463685,0
2024-09-12T12:15:00+05:30,671.6,676.6,671.0,676.25,590175,0
2024-09-12T11:45:00+05:30,670.95,671.95,669.75,671.6,286145,0
2024-09-12T11:15:00+05:30,667.4,671.0,665.45,670.85,330360,0
2024-09-12T10:45:00+05:30,667.25,668.35,666.6,667.35,143790,0
2024-09-12T10:15:00+05:30,667.2,671.4,667.2,667.25,373495,0
2024-09-12T09:45:00+05:30,667.25,668.5,663.4,667.2,484130,0
2024-09-12T09:15:00+05:30,660.0,672.8,659.1,667.2,1684505,0
2024-09-11T15:15:00+05:30,656.05,658.0,654.65,657.6,396720,0
2024-09-11T14:45:00+05:30,654.0,657.6,652.6,656.05,615380,0
2024-09-11T14:15:00+05:30,654.8,656.8,654.0,654.0,224365,0
2024-09-11T13:45:00+05:30,655.9,657.6,654.8,654.8,211435,0
2024-09-11T13:15:00+05:30,658.4,659.6,655.45,655.75,130585,0
2024-09-11T12:45:00+05:30,658.45,659.6,656.4,658.25,178950,0
2024-09-11T12:15:00+05:30,656.5,658.8,655.95,658.15,192715,0
2024-09-11T11:45:00+05:30,652.8,656.85,652.65,656.55,192270,0
2024-09-11T11:15:00+05:30,652.3,652.8,650.8,652.8,81095,0
2024-09-11T10:45:00+05:30,652.8,653.35,651.6,652.3,57650,0
2024-09-11T10:15:00+05:30,652.15,653.7,651.0,653.0,100495,0
2024-09-11T09:45:00+05:30,654.55,655.4,652.0,652.05,137385,0
2024-09-11T09:15:00+05:30,653.0,655.45,651.6,654.6,419800,0
2024-09-10T15:15:00+05:30,651.5,653.8,651.0,651.2,619470,0
2024-09-10T14:45:00+05:30,653.25,654.6,650.25,651.75,1194850,0
2024-09-10T14:15:00+05:30,652.95,655.5,652.45,653.15,453660,0
2024-09-10T13:45:00+05:30,653.2,654.6,651.4,652.95,455885,0
2024-09-10T13:15:00+05:30,653.55,657.2,652.75,653.45,406760,0
2024-09-10T12:45:00+05:30,652.05,654.4,651.9,653.55,374285,0
2024-09-10T12:15:00+05:30,649.8,652.4,649.35,652.05,160615,0
2024-09-10T11:45:00+05:30,651.0,651.6,649.0,649.95,166550,0
2024-09-10T11:15:00+05:30,650.2,652.1,648.2,651.05,289120,0
2024-09-10T10:45:00+05:30,647.75,651.35,646.05,650.1,419375,0
2024-09-10T10:15:00+05:30,650.6,651.0,646.4,647.75,365910,0
2024-09-10T09:45:00+05:30,657.8,658.0,650.4,650.6,459780,0
2024-09-10T09:15:00+05:30,665.6,667.6,657.0,657.85,806475,0
2024-09-09T15:15:00+05:30,664.2,664.2,662.0,662.05,557540,0
2024-09-09T14:45:00+05:30,660.45,664.4,658.3,664.2,837700,0
2024-09-09T14:15:00+05:30,659.8,661.35,658.75,660.7,393085,0
2024-09-09T13:45:00+05:30,657.2,660.5,656.6,659.8,404385,0
2024-09-09T13:15:00+05:30,663.8,664.65,656.65,656.95,786825,0
2024-09-09T12:45:00+05:30,657.1,663.8,656.5,663.7,450105,0
2024-09-09T12:15:00+05:30,657.0,658.8,655.1,657.1,430115,0
2024-09-09T11:45:00+05:30,655.7,662.0,654.5,657.25,1023640,0
2024-09-09T11:15:00+05:30,652.2,658.4,652.05,655.7,714050,0
2024-09-09T10:45:00+05:30,649.8,653.1,649.45,652.2,360000,0
2024-09-09T10:15:00+05:30,645.9,650.85,643.2,649.85,369060,0
2024-09-09T09:45:00+05:30,651.1,655.15,644.5,646.05,566305,0
2024-09-09T09:15:00+05:30,658.0,658.6,647.0,651.1,1100995,0
